Workbook

Sheet Leia_Me
A1: PREVISÃO DE DEMANDA HOTELEIRA — LITORAL DO CEARÁ | MODELOS RNN
A2: Objetivo | B2: Instância para previsão diária de hóspedes hospedados em três hotéis do litoral do Ceará, apoiando planejamento de capacidade, equipes e serviços.
A3: Variável-alvo | B3: Hospedes_Hospedados: quantidade de hóspedes presentes no hotel por dia.
A4: Período | B4: 01/01/2023 a 31/12/2025 (1.096 dias por hotel; 3.288 observações hotel-dia).
A5: Hotéis | B5: Hotel Oceano Fortaleza (Fortaleza); Resort Dunas Portuárias (Aquiraz/Porto das Dunas); Pousada Jericoacoara Azul (Jijoca de Jericoacoara).
A6: Modelo | B6: RNN para séries temporais: SimpleRNN, LSTM ou GRU. Pode-se treinar um modelo por hotel ou um modelo global com identificação do hotel.
A7: Janela inicial sugerida | B7: 28 dias de histórico para prever o próximo dia; testar janelas de 7, 14, 28 e 56 dias.
A8: Atenção — uso | B8: Hospedes_Checkin, Hospedes_Checkout, Quartos_Ocupados, Taxa_Ocupacao e Diaria_Media_R$ são indicadores operacionais de apoio; não use valores observados do próprio dia como preditores se eles não forem conhecidos no instante da previsão.
A9: Atenção — reservas | B9: Reservas_Confirmadas_D14 representa hóspedes em reservas conhecidas 14 dias antes da data de hospedagem; é uma variável exógena simulada e disponível com antecedência.
A10: Atenção — clima | B10: Chuva_mm e Temperatura_Max_C são observações climáticas sintéticas. Para prever datas futuras, substitua-as por previsões meteorológicas disponíveis no momento da decisão ou exclua-as.
A11: Atenção — calendário | B11: Evento_Local_Simulado marca eventos ilustrativos, sem correspondência garantida com datas oficiais de eventos turísticos.
A12: Importação Python | B12: Use a aba Dados_Longos para treinar modelos individuais ou globais; ordene por Hotel_ID e Data e não embaralhe aleatoriamente as datas.
A13: Arquivos | B13: Serie_Diaria = formato amplo; Dados_Longos = formato recomendado para RNN; Calendario = variáveis de calendário; Cadastro_Hoteis = características de cada hotel; Dicionario = variáveis; Painel = estatísticas e gráfico.

Sheet Cadastro_Hoteis
A1: Hotel_ID | B1: Hotel | C1: Municipio | D1: Regiao_Litoranea | E1: Perfil | F1: Numero_Quartos | G1: Capacidade_Hospedes | H1: Hospedes_Medios_por_Quarto
A2: H01 | B2: Hotel Oceano Fortaleza | C2: Fortaleza | D2: Litoral de Fortaleza | E2: Urbano / lazer e negócios | F2: 140 | G2: 360 | H2: 2.35
A3: H02 | B3: Resort Dunas Portuária | C3: Aquiraz | D3: Porto das Dunas | E3: Resort / famílias e lazer | F3: 125 | G3: 320 | H3: 2.4
A4: H03 | B4: Pousada Jericoacoara Azul | C4: Jijoca de Jericoacoara | D4: Litoral Oeste | E4: Praia / lazer e natureza | F4: 85 | G4: 210 | H4: 2.25

Sheet Calendario
A1: Data | B1: Dia_Semana_Nome | C1: Dia_Semana | D1: Mes | E1: Dia_Ano | F1: Fim_De_Semana | G1: Feriado | H1: Nome_Feriado | I1: Ferias_Escolares | J1: Carnaval | K1: Reveillon | L1: Evento_Local_Simulado | M1: Chuva_mm | N1: Temperatura_Max_C
A2: 44927 | B2: Domingo | C2: 6 | D2: 1 | E2: 1 | F2: 1 | G2: 1 | H2: Confraternização Universal | I2: 1 | J2: 0 | K2: 1 | L2: 0 | M2: 1.2 | N2: 28
A3: 44928 | B3: Segunda | C3: 0 | D3: 1 | E3: 2 | F3: 0 | G3: 0 | I3: 1 | J3: 0 | K3: 1 | L3: 0 | M3: 1.4 | N3: 28
A4: 44929 | B4: Terça | C4: 1 | D4: 1 | E4: 3 | F4: 0 | G4: 0 | I4: 1 | J4: 0 | K4: 0 | L4: 0 | M4: 0 | N4: 29.9
A5: 44930 | B5: Quarta | C5: 2 | D5: 1 | E5: 4 | F5: 0 | G5: 0 | I5: 1 | J5: 0 | K5: 0 | L5: 0 | M5: 0 | N5: 29
A6: 44931 | B6: Quinta | C6: 3 | D6: 1 | E6: 5 | F6: 0 | G6: 0 | I6: 1 | J6: 0 | K6: 0 | L6: 0 | M6: 0 | N6: 29.3
A7: 44932 | B7: Sexta | C7: 4 | D7: 1 | E7: 6 | F7: 0 | G7: 0 | I7: 1 | J7: 0 | K7: 0 | L7: 0 | M7: 1.1 | N7: 28.2
A8: 44933 | B8: Sábado | C8: 5 | D8: 1 | E8: 7 | F8: 1 | G8: 0 | I8: 1 | J8: 0 | K8: 0 | L8: 0 | M8: 0 | N8: 28.6
A9: 44934 | B9: Domingo | C9: 6 | D9: 1 | E9: 8 | F9: 1 | G9: 0 | I9: 1 | J9: 0 | K9: 0 | L9: 0 | M9: 18.7 | N9: 27.4
A10: 44935 | B10: Segunda | C10: 0 | D10: 1 | E10: 9 | F10: 0 | G10: 0 | I10: 1 | J10: 0 | K10: 0 | L10: 0 | M10: 3.8 | N10: 28.4
A11: 44936 | B11: Terça | C11: 1 | D11: 1 | E11: 10 | F11: 0 | G11: 0 | I11: 1 | J11: 0 | K11: 0 | L11: 0 | M11: 1 | N11: 28.5
A12: 44937 | B12: Quarta | C12: 2 | D12: 1 | E12: 11 | F12: 0 | G12: 0 | I12: 1 | J12: 0 | K12: 0 | L12: 0 | M12: 0 | N12: 28.8
A13: 44938 | B13: Quinta | C13: 3 | D13: 1 | E13: 12 | F13: 0 | G13: 0 | I13: 1 | J13: 0 | K13: 0 | L13: 0 | M13: 0 | N13: 28.1
A14: 44939 | B14: Sexta | C14: 4 | D14: 1 | E14: 13 | F14: 0 | G14: 0 | I14: 1 | J14: 0 | K14: 0 | L14: 0 | M14: 0 | N14: 29.8
... A78: 45003 | B78: Sábado | C78: 5 | D78: 3 | E78: 77 | F78: 1 | G78: 0 | I78: 0 | J78: 0 | K78: 0 | L78: 0 | M78: 10.1 | N78: 27.7
A79: 45004 | B79: Domingo | C79: 6 | D79: 3 | E79: 78 | F79: 1 | G79: 1 | H79: Dia de São José (CE) | I79: 0 | J79: 0 | K79: 0 | L79: 0 | M79: 10.6 | N79: 25.4
A80: 45005 | B80: Segunda | C80: 0 | D80: 3 | E80: 79 | F80: 0 | G80: 0 | I80: 0 | J80: 0 | K80: 0 | L80: 0 | M80: 32.4 | N80: 28.4
A81: 45006 | B81: Terça | C81: 1 | D81: 3 | E81: 80 | F81: 0 | G81: 0 | I81: 0 | J81: 0 | K81: 0 | L81: 0 | M81: 4.8 | N81: 28.1
A82: 45007 | B82: Quarta | C82: 2 | D82: 3 | E82: 81 | F82: 0 | G82: 0 | I82: 0 | J82: 0 | K82: 0 | L82: 0 | M82: 21 | N82: 28.6
A83: 45008 | B83: Quinta | C83: 3 | D83: 3 | E83: 82 | F83: 0 | G83: 0 | I83: 0 | J83: 0 | K83: 0 | L83: 0 | M83: 14.3 | N83: 26.1
A84: 45009 | B84: Sexta | C84: 4 | D84: 3 | E84: 83 | F84: 0 | G84: 0 | I84: 0 | J84: 0 | K84: 0 | L84: 0 | M84: 15.6 | N84: 28
A85: 45010 | B85: Sábado | C85: 5 | D85: 3 | E85: 84 | F85: 1 | G85: 1 | H85: Data Magna do Ceará | I85: 0 | J85: 0 | K85: 0 | L85: 0 | M85: 2.1 | N85: 27.3
A86: 45011 | B86: Domingo | C86: 6 | D86: 3 | E86: 85 | F86: 1 | G86: 0 | I86: 0 | J86: 0 | K86: 0 | L86: 0 | M86: 6.9 | N86: 27.9
A87: 45012 | B87: Segunda | C87: 0 | D87: 3 | E87: 86 | F87: 0 | G87: 0 | I87: 0 | J87: 0 | K87: 0 | L87: 0 | M87: 12.1 | N87: 26.6
A88: 45013 | B88: Terça | C88: 1 | D88: 3 | E88: 87 | F88: 0 | G88: 0 | I88: 0 | J88: 0 | K88: 0 | L88: 0 | M88: 5.4 | N88: 26.5
A89: 45014 | B89: Quarta | C89: 2 | D89: 3 | E89: 88 | F89: 0 | G89: 0 | I89: 0 | J89: 0 | K89: 0 | L89: 0 | M89: 10.6 | N89: 28.8
A90: 45015 | B90: Quinta | C90: 3 | D90: 3 | E90: 89 | F90: 0 | G90: 0 | I90: 0 | J90: 0 | K90: 0 | L90: 0 | M90: 12.2 | N90: 27.8
A91: 45016 | B91: Sexta | C91: 4 | D91: 3 | E91: 90 | F91: 0 | G91: 0 | I91: 0 | J91: 0 | K91: 0 | L91: 0 | M91: 18.9 | N91: 27.5
A92: 45017 | B92: Sábado | C92: 5 | D92: 4 | E92: 91 | F92: 1 | G92: 0 | I92: 0 | J92: 0 | K92: 0 | L92: 0 | M92: 7.5 | N92: 26.6
A93: 45018 | B93: Domingo | C93: 6 | D93: 4 | E93: 92 | F93: 1 | G93: 0 | I93: 0 | J93: 0 | K93: 0 | L93: 0 | M93: 6.9 | N93: 27
A94: 45019 | B94: Segunda | C94: 0 | D94: 4 | E94: 93 | F94: 0 | G94: 0 | I94: 0 | J94: 0 | K94: 0 | L94: 0 | M94: 12.1 | N94: 27.3
A95: 45020 | B95: Terça | C95: 1 | D95: 4 | E95: 94 | F95: 0 | G95: 0 | I95: 0 | J95: 0 | K95: 0 | L95: 0 | M95: 2.4 | N95: 27
A96: 45021 | B96: Quarta | C96: 2 | D96: 4 | E96: 95 | F96: 0 | G96: 0 | I96: 0 | J96: 0 | K96: 0 | L96: 0 | M96: 0 | N96: 27.3
A97: 45022 | B97: Quinta | C97: 3 | D97: 4 | E97: 96 | F97: 0 | G97: 0 | I97: 0 | J97: 0 | K97: 0 | L97: 0 | M97: 8.1 | N97: 27
... A111: 45036 | B111: Quinta | C111: 3 | D111: 4 | E111: 110 | F111: 0 | G111: 0 | I111: 0 | J111: 0 | K111: 0 | L111: 0 | M111: 23.5 | N111: 26.6
A112: 45037 | B112: Sexta | C112: 4 | D112: 4 | E112: 111 | F112: 0 | G112: 1 | H112: Tiradentes | I112: 0 | J112: 0 | K112: 0 | L112: 0 | M112: 5 | N112: 28
A113: 45038 | B113: Sábado | C113: 5 | D113: 4 | E113: 112 | F113: 1 | G113: 0 | I113: 0 | J113: 0 | K113: 0 | L113: 0 | M113: 10.5 | N113: 27.3
A114: 45039 | B114: Domingo | C114: 6 | D114: 4 | E114: 113 | F114: 1 | G114: 0 | I114: 0 | J114: 0 | K114: 0 | L114: 0 | M114: 6 | N114: 28.2
A115: 45040 | B115: Segunda | C115: 0 | D115: 4 | E115: 114 | F115: 0 | G115: 0 | I115: 0 | J115: 0 | K115: 0 | L115: 0 | M115: 15.3 | N115: 25.4
A116: 45041 | B116: Terça | C116: 1 | D116: 4 | E116: 115 | F116: 0 | G116: 0 | I116: 0 | J116: 0 | K116: 0 | L116: 0 | M116: 14.8 | N116: 25.7
A117: 45042 | B117: Quarta | C117: 2 | D117: 4 | E117: 116 | F117: 0 | G117: 0 | I117: 0 | J117: 0 | K117: 0 | L117: 0 | M117: 11.8 | N117: 27.7
A118: 45043 | B118: Quinta | C118: 3 | D118: 4 | E118: 117 | F118: 0 | G118: 0 | I118: 0 | J118: 0 | K118: 0 | L118: 0 | M118: 7.3 | N118: 27.7
A119: 45044 | B119: Sexta | C119: 4 | D119: 4 | E119: 118 | F119: 0 | G119: 0 | I119: 0 | J119: 0 | K119: 0 | L119: 0 | M119: 13.7 | N119: 27.5
A120: 45045 | B120: Sábado | C120: 5 | D120: 4 | E120: 119 | F120: 1 | G120: 0 | I120: 0 | J120: 0 | K120: 0 | L120: 0 | M120: 12.7 | N120: 27.7
A121: 45046 | B121: Domingo | C121: 6 | D121: 4 | E121: 120 | F121: 1 | G121: 0 | I121: 0 | J121: 0 | K121: 0 | L121: 0 | M121: 14 | N121: 26.4
A122: 45047 | B122: Segunda | C122: 0 | D122: 5 | E122: 121 | F122: 0 | G122: 1 | H122: Dia do Trabalho | I122: 0 | J122: 0 | K122: 0 | L122: 0 | M122: 9.6 | N122: 29.3
A123: 45048 | B123: Terça | C123: 1 | D123: 5 | E123: 122 | F123: 0 | G123: 0 | I123: 0 | J123: 0 | K123: 0 | L123: 0 | M123: 3.8 | N123: 28.5
A124: 45049 | B124: Quarta | C124: 2 | D124: 5 | E124: 123 | F124: 0 | G124: 0 | I124: 0 | J124: 0 | K124: 0 | L124: 0 | M124: 26.9 | N124: 27.9
A125: 45050 | B125: Quinta | C125: 3 | D125: 5 | E125: 124 | F125: 0 | G125: 0 | I125: 0 | J125: 0 | K125: 0 | L125: 0 | M125: 11.5 | N125: 27.5
A126: 45051 | B126: Sexta | C126: 4 | D126: 5 | E126: 125 | F126: 0 | G126: 0 | I126: 0 | J126: 0 | K126: 0 | L126: 0 | M126: 13.1 | N126: 27.1
A127: 45052 | B127: Sábado | C127: 5 | D127: 5 | E127: 126 | F127: 1 | G127: 0 | I127: 0 | J127: 0 | K127: 0 | L127: 0 | M127: 1.9 | N127: 26.3
A128: 45053 | B128: Domingo | C128: 6 | D128: 5 | E128: 127 | F128: 1 | G128: 0 | I128: 0 | J128: 0 | K128: 0 | L128: 0 | M128: 11.7 | N128: 27.2
A129: 45054 | B129: Segunda | C129: 0 | D129: 5 | E129: 128 | F129: 0 | G129: 0 | I129: 0 | J129: 0 | K129: 0 | L129: 0 | M129: 14.6 | N129: 28.1
A130: 45055 | B130: Terça | C130: 1 | D130: 5 | E130: 129 | F130: 0 | G130: 0 | I130: 0 | J130: 0 | K130: 0 | L130: 0 | M130: 28.2 | N130: 27.3
A131: 45056 | B131: Quarta | C131: 2 | D131: 5 | E131: 130 | F131: 0 | G131: 0 | I131: 0 | J131: 0 | K131: 0 | L131: 0 | M131: 15.5 | N131: 27.6
A132: 45057 | B132: Quinta | C132: 3 | D132: 5 | E132: 131 | F132: 0 | G132: 0 | I132: 0 | J132: 0 | K132: 0 | L132: 0 | M132: 15.5 | N132: 26.3
A133: 45058 | B133: Sexta | C133: 4 | D133: 5 | E133: 132 | F133: 0 | G133: 0 | I133: 0 | J133: 0 | K133: 0 | L133: 0 | M133: 7.5 | N133: 26.1
A134: 45059 | B134: Sábado | C134: 5 | D134: 5 | E134: 133 | F134: 1 | G134: 0 | I134: 0 | J134: 0 | K134: 0 | L134: 0 | M134: 15.4 | N134: 27.8
... A250: 45175 | B250: Quarta | C250: 2 | D250: 9 | E250: 249 | F250: 0 | G250: 0 | I250: 0 | J250: 0 | K250: 0 | L250: 0 | M250: 0 | N250: 28.3
A251: 45176 | B251: Quinta | C251: 3 | D251: 9 | E251: 250 | F251: 0 | G251: 1 | H251: Independência do Brasil | I251: 0 | J251: 0 | K251: 0 | L251: 0 | M251: 0 | N251: 28.8
A252: 45177 | B252: Sexta | C252: 4 | D252: 9 | E252: 251 | F252: 0 | G252: 0 | I252: 0 | J252: 0 | K252: 0 | L252: 0 | M252: 0 | N252: 29.4
A253: 45178 | B253: Sábado | C253: 5 | D253: 9 | E253: 252 | F253: 1 | G253: 0 | I253: 0 | J253: 0 | K253: 0 | L253: 0 | M253: 1.8 | N253: 28.5
A254: 45179 | B254: Domingo | C254: 6 | D254: 9 | E254: 253 | F254: 1 | G254: 0 | I254: 0 | J254: 0 | K254: 0 | L254: 0 | M254: 0 | N254: 29.1
A255: 45180 | B255: Segunda | C255: 0 | D255: 9 | E255: 254 | F255: 0 | G255: 0 | I255: 0 | J255: 0 | K255: 0 | L255: 0 | M255: 2.1 | N255: 28.5
A256: 45181 | B256: Terça | C256: 1 | D256: 9 | E256: 255 | F256: 0 | G256: 0 | I256: 0 | J256: 0 | K256: 0 | L256: 0 | M256: 1.7 | N256: 29.3
A257: 45182 | B257: Quarta | C257: 2 | D257: 9 | E257: 256 | F257: 0 | G257: 0 | I257: 0 | J257: 0 | K257: 0 | L257: 0 | M257: 0 | N257: 28.7
A258: 45183 | B258: Quinta | C258: 3 | D258: 9 | E258: 257 | F258: 0 | G258: 0 | I258: 0 | J258: 0 | K258: 0 | L258: 0 | M258: 4.7 | N258: 29.9
A259: 45184 | B259: Sexta | C259: 4 | D259: 9 | E259: 258 | F259: 0 | G259: 0 | I259: 0 | J259: 0 | K259: 0 | L259: 0 | M259: 0 | N259: 28.7
A260: 45185 | B260: Sábado | C260: 5 | D260: 9 | E260: 259 | F260: 1 | G260: 0 | I260: 0 | J260: 0 | K260: 0 | L260: 0 | M260: 0 | N260: 30
A261: 45186 | B261: Domingo | C261: 6 | D261: 9 | E261: 260 | F261: 1 | G261: 0 | I261: 0 | J261: 0 | K261: 0 | L261: 0 | M261: 0.7 | N261: 28.9
A262: 45187 | B262: Segunda | C262: 0 | D262: 9 | E262: 261 | F262: 0 | G262: 0 | I262: 0 | J262: 0 | K262: 0 | L262: 0 | M262: 2.7 | N262: 29
A263: 45188 | B263: Terça | C263: 1 | D263: 9 | E263: 262 | F263: 0 | G263: 0 | I263: 0 | J263: 0 | K263: 0 | L263: 0 | M263: 1.1 | N263: 29.7
... A285: 45210 | B285: Quarta | C285: 2 | D285: 10 | E285: 284 | F285: 0 | G285: 0 | I285: 0 | J285: 0 | K285: 0 | L285: 0 | M285: 3.5 | N285: 28.8
A286: 45211 | B286: Quinta | C286: 3 | D286: 10 | E286: 285 | F286: 0 | G286: 1 | H286: Nossa Senhora Aparecida | I286: 0 | J286: 0 | K286: 0 | L286: 0 | M286: 0 | N286: 28.1
A287: 45212 | B287: Sexta | C287: 4 | D287: 10 | E287: 286 | F287: 0 | G287: 0 | I287: 0 | J287: 0 | K287: 0 | L287: 0 | M287: 0 | N287: 29.7
A288: 45213 | B288: Sábado | C288: 5 | D288: 10 | E288: 287 | F288: 1 | G288: 0 | I288: 0 | J288: 0 | K288: 0 | L288: 0 | M288: 0 | N288: 30.6
A289: 45214 | B289: Domingo | C289: 6 | D289: 10 | E289: 288 | F289: 1 | G289: 0 | I289: 0 | J289: 0 | K289: 0 | L289: 0 | M289: 1 | N289: 30.8
A290: 45215 | B290: Segunda | C290: 0 | D290: 10 | E290: 289 | F290: 0 | G290: 0 | I290: 0 | J290: 0 | K290: 0 | L290: 0 | M290: 3.6 | N290: 29.8
A291: 45216 | B291: Terça | C291: 1 | D291: 10 | E291: 290 | F291: 0 | G291: 0 | I291: 0 | J291: 0 | K291: 0 | L291: 0 | M291: 5.3 | N291: 29.1
A292: 45217 | B292: Quarta | C292: 2 | D292: 10 | E292: 291 | F292: 0 | G292: 0 | I292: 0 | J292: 0 | K292: 0 | L292: 0 | M292: 2.5 | N292: 29.7
A293: 45218 | B293: Quinta | C293: 3 | D293: 10 | E293: 292 | F293: 0 | G293: 0 | I293: 0 | J293: 0 | K293: 0 | L293: 0 | M293: 2.4 | N293: 30
A294: 45219 | B294: Sexta | C294: 4 | D294: 10 | E294: 293 | F294: 0 | G294: 0 | I294: 0 | J294: 0 | K294: 0 | L294: 0 | M294: 1 | N294: 29.9
A295: 45220 | B295: Sábado | C295: 5 | D295: 10 | E295: 294 | F295: 1 | G295: 0 | I295: 0 | J295: 0 | K295: 0 | L295: 0 | M295: 0 | N295: 31.1
A296: 45221 | B296: Domingo | C296: 6 | D296: 10 | E296: 295 | F296: 1 | G296: 0 | I296: 0 | J296: 0 | K296: 0 | L296: 0 | M296: 0.6 | N296: 29.4
A297: 45222 | B297: Segunda | C297: 0 | D297: 10 | E297: 296 | F297: 0 | G297: 0 | I297: 0 | J297: 0 | K297: 0 | L297: 0 | M297: 2.6 | N297: 27.5
A298: 45223 | B298: Terça | C298: 1 | D298: 10 | E298: 297 | F298: 0 | G298: 0 | I298: 0 | J298: 0 | K298: 0 | L298: 0 | M298: 0 | N298: 28.8
... A306: 45231 | B306: Quarta | C306: 2 | D306: 11 | E306: 305 | F306: 0 | G306: 0 | I306: 0 | J306: 0 | K306: 0 | L306: 0 | M306: 2.3 | N306: 30.3
A307: 45232 | B307: Quinta | C307: 3 | D307: 11 | E307: 306 | F307: 0 | G307: 1 | H307: Finados | I307: 0 | J307: 0 | K307: 0 | L307: 0 | M307: 0 | N307: 28.8
A308: 45233 | B308: Sexta | C308: 4 | D308: 11 | E308: 307 | F308: 0 | G308: 0 | I308: 0 | J308: 0 | K308: 0 | L308: 0 | M308: 1.7 | N308: 28.2
A309: 45234 | B309: Sábado | C309: 5 | D309: 11 | E309: 308 | F309: 1 | G309: 0 | I309: 0 | J309: 0 | K309: 0 | L309: 0 | M309: 0.5 | N309: 30.7
A310: 45235 | B310: Domingo | C310: 6 | D310: 11 | E310: 309 | F310: 1 | G310: 0 | I310: 0 | J310: 0 | K310: 0 | L310: 0 | M310: 0 | N310: 29.8
A311: 45236 | B311: Segunda | C311: 0 | D311: 11 | E311: 310 | F311: 0 | G311: 0 | I311: 0 | J311: 0 | K311: 0 | L311: 0 | M311: 0 | N311: 28.5
A312: 45237 | B312: Terça | C312: 1 | D312: 11 | E312: 311 | F312: 0 | G312: 0 | I312: 0 | J312: 0 | K312: 0 | L312: 0 | M312: 0 | N312: 29.6
A313: 45238 | B313: Quarta | C313: 2 | D313: 11 | E313: 312 | F313: 0 | G313: 0 | I313: 0 | J313: 0 | K313: 0 | L313: 0 | M313: 2.1 | N313: 28.9
A314: 45239 | B314: Quinta | C314: 3 | D314: 11 | E314: 313 | F314: 0 | G314: 0 | I314: 0 | J314: 0 | K314: 0 | L314: 0 | M314: 3.3 | N314: 27.6
A315: 45240 | B315: Sexta | C315: 4 | D315: 11 | E315: 314 | F315: 0 | G315: 0 | I315: 0 | J315: 0 | K315: 0 | L315: 0 | M315: 0 | N315: 28.7
A316: 45241 | B316: Sábado | C316: 5 | D316: 11 | E316: 315 | F316: 1 | G316: 0 | I316: 0 | J316: 0 | K316: 0 | L316: 0 | M316: 0.3 | N316: 29.2
A317: 45242 | B317: Domingo | C317: 6 | D317: 11 | E317: 316 | F317: 1 | G317: 0 | I317: 0 | J317: 0 | K317: 0 | L317: 0 | M317: 0 | N317: 29.4
A318: 45243 | B318: Segunda | C318: 0 | D318: 11 | E318: 317 | F318: 0 | G318: 0 | I318: 0 | J318: 0 | K318: 0 | L318: 0 | M318: 0 | N318: 30.2
A319: 45244 | B319: Terça | C319: 1 | D319: 11 | E319: 318 | F319: 0 | G319: 0 | I319: 0 | J319: 0 | K319: 0 | L319: 0 | M319: 0 | N319: 29.6
...

Sheet Serie_Diaria
A1: Data | B1: Dia_Semana_Nome | C1: Dia_Semana | D1: Mes | E1: Fim_De_Semana | F1: Feriado | G1: Nome_Feriado | H1: Ferias_Escolares | I1: Carnaval | J1: Reveillon | K1: Evento_Local_Simulado | L1: Chuva_mm | M1: Temperatura_Max_C | N1: Hospedes_H01 | O1: Reservas_D14_H01 | P1: Taxa_Ocupacao_H01 | Q1: Hospedes_H02 | R1: Reservas_D14_H02 | S1: Taxa_Ocupacao_H02 | T1: Hospedes_H03 | U1: Reservas_D14_H03 | V1: Taxa_Ocupacao_H03 | W1: Total_Hospedes
A2: 44927 | B2: Domingo | C2: 6 | D2: 1 | E2: 1 | F2: 1 | G2: Confraternização Universal | H2: 1 | I2: 0 | J2: 1 | K2: 0 | L2: 1.2 | M2: 28 | N2: 284 | O2: 255 | P2: 0.86428571 | Q2: 284 | R2: 259 | S2: 0.968 | T2: 188 | U2: 158 | V2: 0.96470588 | W2: =N2+Q2+T2 -> 756
A3: 44928 | B3: Segunda | C3: 0 | D3: 1 | E3: 0 | F3: 0 | H3: 1 | I3: 0 | J3: 1 | K3: 0 | L3: 1.4 | M3: 28 | N3: 260 | O3: 244 | P3: 0.8 | Q3: 269 | R3: 237 | S3: 0.896 | T3: 186 | U3: 168 | V3: 0.96470588 | W3: =N3+Q3+T3 -> 715
A4: 44929 | B4: Terça | C4: 1 | D4: 1 | E4: 0 | F4: 0 | H4: 1 | I4: 0 | J4: 0 | K4: 0 | L4: 0 | M4: 29.9 | N4: 219 | O4: 193 | P4: 0.66428571 | Q4: 211 | R4: 195 | S4: 0.704 | T4: 140 | U4: 121 | V4: 0.74117647 | W4: =N4+Q4+T4 -> 570
A5: 44930 | B5: Quarta | C5: 2 | D5: 1 | E5: 0 | F5: 0 | H5: 1 | I5: 0 | J5: 0 | K5: 0 | L5: 0 | M5: 29 | N5: 205 | O5: 187 | P5: 0.64285714 | Q5: 243 | R5: 197 | S5: 0.792 | T5: 152 | U5: 130 | V5: 0.78823529 | W5: =N5+Q5+T5 -> 600
A6: 44931 | B6: Quinta | C6: 3 | D6: 1 | E6: 0 | F6: 0 | H6: 1 | I6: 0 | J6: 0 | K6: 0 | L6: 0 | M6: 29.3 | N6: 221 | O6: 206 | P6: 0.65 | Q6: 226 | R6: 201 | S6: 0.768 | T6: 150 | U6: 134 | V6: 0.8 | W6: =N6+Q6+T6 -> 597
A7: 44932 | B7: Sexta | C7: 4 | D7: 1 | E7: 0 | F7: 0 | H7: 1 | I7: 0 | J7: 0 | K7: 0 | L7: 1.1 | M7: 28.2 | N7: 230 | O7: 206 | P7: 0.7 | Q7: 211 | R7: 178 | S7: 0.712 | T7: 151 | U7: 136 | V7: 0.75294118 | W7: =N7+Q7+T7 -> 592
A8: 44933 | B8: Sábado | C8: 5 | D8: 1 | E8: 1 | F8: 0 | H8: 1 | I8: 0 | J8: 0 | K8: 0 | L8: 0 | M8: 28.6 | N8: 248 | O8: 231 | P8: 0.74285714 | Q8: 253 | R8: 227 | S8: 0.848 | T8: 182 | U8: 155 | V8: 0.95294118 | W8: =N8+Q8+T8 -> 683
A9: 44934 | B9: Domingo | C9: 6 | D9: 1 | E9: 1 | F9: 0 | H9: 1 | I9: 0 | J9: 0 | K9: 0 | L9: 18.7 | M9: 27.4 | N9: 246 | O9: 220 | P9: 0.74285714 | Q9: 259 | R9: 239 | S9: 0.872 | T9: 181 | U9: 165 | V9: 0.92941176 | W9: =N9+Q9+T9 -> 686
A10: 44935 | B10: Segunda | C10: 0 | D10: 1 | E10: 0 | F10: 0 | H10: 1 | I10: 0 | J10: 0 | K10: 0 | L10: 3.8 | M10: 28.4 | N10: 211 | O10: 178 | P10: 0.62857143 | Q10: 217 | R10: 192 | S10: 0.744 | T10: 155 | U10: 130 | V10: 0.82352941 | W10: =N10+Q10+T10 -> 583
A11: 44936 | B11: Terça | C11: 1 | D11: 1 | E11: 0 | F11: 0 | H11: 1 | I11: 0 | J11: 0 | K11: 0 | L11: 1 | M11: 28.5 | N11: 213 | O11: 174 | P11: 0.65714286 | Q11: 228 | R11: 204 | S11: 0.768 | T11: 169 | U11: 152 | V11: 0.87058824 | W11: =N11+Q11+T11 -> 610
A12: 44937 | B12: Quarta | C12: 2 | D12: 1 | E12: 0 | F12: 0 | H12: 1 | I12: 0 | J12: 0 | K12: 0 | L12: 0 | M12: 28.8 | N12: 201 | O12: 176 | P12: 0.60714286 | Q12: 221 | R12: 206 | S12: 0.72 | T12: 156 | U12: 143 | V12: 0.83529412 | W12: =N12+Q12+T12 -> 578
A13: 44938 | B13: Quinta | C13: 3 | D13: 1 | E13: 0 | F13: 0 | H13: 1 | I13: 0 | J13: 0 | K13: 0 | L13: 0 | M13: 28.1 | N13: 244 | O13: 207 | P13: 0.74285714 | Q13: 233 | R13: 216 | S13: 0.784 | T13: 157 | U13: 131 | V13: 0.82352941 | W13: =N13+Q13+T13 -> 634
A14: 44939 | B14: Sexta | C14: 4 | D14: 1 | E14: 0 | F14: 0 | H14: 1 | I14: 0 | J14: 0 | K14: 0 | L14: 0 | M14: 29.8 | N14: 242 | O14: 198 | P14: 0.73571429 | Q14: 218 | R14: 196 | S14: 0.736 | T14: 160 | U14: 147 | V14: 0.83529412 | W14: =N14+Q14+T14 -> 620
... A78: 45003 | B78: Sábado | C78: 5 | D78: 3 | E78: 1 | F78: 0 | H78: 0 | I78: 0 | J78: 0 | K78: 0 | L78: 10.1 | M78: 27.7 | N78: 201 | O78: 176 | P78: 0.6 | Q78: 188 | R78: 174 | S78: 0.64 | T78: 133 | U78: 113 | V78: 0.69411765 | W78: =N78+Q78+T78 -> 522
A79: 45004 | B79: Domingo | C79: 6 | D79: 3 | E79: 1 | F79: 1 | G79: Dia de São José (CE) | H79: 0 | I79: 0 | J79: 0 | K79: 0 | L79: 10.6 | M79: 25.4 | N79: 210 | O79: 173 | P79: 0.63571429 | Q79: 199 | R79: 167 | S79: 0.672 | T79: 147 | U79: 135 | V79: 0.77647059 | W79: =N79+Q79+T79 -> 556
A80: 45005 | B80: Segunda | C80: 0 | D80: 3 | E80: 0 | F80: 0 | H80: 0 | I80: 0 | J80: 0 | K80: 0 | L80: 32.4 | M80: 28.4 | N80: 182 | O80: 153 | P80: 0.55714286 | Q80: 143 | R80: 118 | S80: 0.464 | T80: 113 | U80: 105 | V80: 0.56470588 | W80: =N80+Q80+T80 -> 438
A81: 45006 | B81: Terça | C81: 1 | D81: 3 | E81: 0 | F81: 0 | H81: 0 | I81: 0 | J81: 0 | K81: 0 | L81: 4.8 | M81: 28.1 | N81: 176 | O81: 152 | P81: 0.53571429 | Q81: 140 | R81: 114 | S81: 0.448 | T81: 108 | U81: 92 | V81: 0.57647059 | W81: =N81+Q81+T81 -> 424
A82: 45007 | B82: Quarta | C82: 2 | D82: 3 | E82: 0 | F82: 0 | H82: 0 | I82: 0 | J82: 0 | K82: 0 | L82: 21 | M82: 28.6 | N82: 176 | O82: 147 | P82: 0.52857143 | Q82: 148 | R82: 137 | S82: 0.504 | T82: 111 | U82: 97 | V82: 0.56470588 | W82: =N82+Q82+T82 -> 435
A83: 45008 | B83: Quinta | C83: 3 | D83: 3 | E83: 0 | F83: 0 | H83: 0 | I83: 0 | J83: 0 | K83: 0 | L83: 14.3 | M83: 26.1 | N83: 160 | O83: 142 | P83: 0.5 | Q83: 125 | R83: 101 | S83: 0.44 | T83: 100 | U83: 85 | V83: 0.51764706 | W83: =N83+Q83+T83 -> 385
A84: 45009 | B84: Sexta | C84: 4 | D84: 3 | E84: 0 | F84: 0 | H84: 0 | I84: 0 | J84: 0 | K84: 0 | L84: 15.6 | M84: 28 | N84: 190 | O84: 175 | P84: 0.57857143 | Q84: 158 | R84: 137 | S84: 0.52 | T84: 109 | U84: 99 | V84: 0.6 | W84: =N84+Q84+T84 -> 457
A85: 45010 | B85: Sábado | C85: 5 | D85: 3 | E85: 1 | F85: 1 | G85: Data Magna do Ceará | H85: 0 | I85: 0 | J85: 0 | K85: 0 | L85: 2.1 | M85: 27.3 | N85: 226 | O85: 209 | P85: 0.68571429 | Q85: 196 | R85: 179 | S85: 0.656 | T85: 148 | U85: 135 | V85: 0.81176471 | W85: =N85+Q85+T85 -> 570
A86: 45011 | B86: Domingo | C86: 6 | D86: 3 | E86: 1 | F86: 0 | H86: 0 | I86: 0 | J86: 0 | K86: 0 | L86: 6.9 | M86: 27.9 | N86: 203 | O86: 167 | P86: 0.62142857 | Q86: 180 | R86: 147 | S86: 0.584 | T86: 138 | U86: 120 | V86: 0.71764706 | W86: =N86+Q86+T86 -> 521
A87: 45012 | B87: Segunda | C87: 0 | D87: 3 | E87: 0 | F87: 0 | H87: 0 | I87: 0 | J87: 0 | K87: 0 | L87: 12.1 | M87: 26.6 | N87: 192 | O87: 177 | P87: 0.58571429 | Q87: 171 | R87: 151 | S87: 0.56 | T87: 103 | U87: 92 | V87: 0.55294118 | W87: =N87+Q87+T87 -> 466
A88: 45013 | B88: Terça | C88: 1 | D88: 3 | E88: 0 | F88: 0 | H88: 0 | I88: 0 | J88: 0 | K88: 0 | L88: 5.4 | M88: 26.5 | N88: 176 | O88: 165 | P88: 0.52142857 | Q88: 171 | R88: 152 | S88: 0.56 | T88: 114 | U88: 105 | V88: 0.61176471 | W88: =N88+Q88+T88 -> 461
A89: 45014 | B89: Quarta | C89: 2 | D89: 3 | E89: 0 | F89: 0 | H89: 0 | I89: 0 | J89: 0 | K89: 0 | L89: 10.6 | M89: 28.8 | N89: 172 | O89: 138 | P89: 0.52857143 | Q89: 144 | R89: 116 | S89: 0.488 | T89: 122 | U89: 106 | V89: 0.58823529 | W89: =N89+Q89+T89 -> 438
A90: 45015 | B90: Quinta | C90: 3 | D90: 3 | E90: 0 | F90: 0 | H90: 0 | I90: 0 | J90: 0 | K90: 0 | L90: 12.2 | M90: 27.8 | N90: 151 | O90: 132 | P90: 0.48571429 | Q90: 169 | R90: 140 | S90: 0.56 | T90: 125 | U90: 116 | V90: 0.63529412 | W90: =N90+Q90+T90 -> 445
A91: 45016 | B91: Sexta | C91: 4 | D91: 3 | E91: 0 | F91: 0 | H91: 0 | I91: 0 | J91: 0 | K91: 0 | L91: 18.9 | M91: 27.5 | N91: 157 | O91: 141 | P91: 0.5 | Q91: 132 | R91: 109 | S91: 0.456 | T91: 114 | U91: 95 | V91: 0.6 | W91: =N91+Q91+T91 -> 403
A92: 45017 | B92: Sábado | C92: 5 | D92: 4 | E92: 1 | F92: 0 | H92: 0 | I92: 0 | J92: 0 | K92: 0 | L92: 7.5 | M92: 26.6 | N92: 207 | O92: 179 | P92: 0.63571429 | Q92: 180 | R92: 155 | S92: 0.608 | T92: 123 | U92: 111 | V92: 0.63529412 | W92: =N92+Q92+T92 -> 510
A93: 45018 | B93: Domingo | C93: 6 | D93: 4 | E93: 1 | F93: 0 | H93: 0 | I93: 0 | J93: 0 | K93: 0 | L93: 6.9 | M93: 27 | N93: 211 | O93: 194 | P93: 0.65714286 | Q93: 185 | R93: 163 | S93: 0.624 | T93: 143 | U93: 131 | V93: 0.74117647 | W93: =N93+Q93+T93 -> 539
A94: 45019 | B94: Segunda | C94: 0 | D94: 4 | E94: 0 | F94: 0 | H94: 0 | I94: 0 | J94: 0 | K94: 0 | L94: 12.1 | M94: 27.3 | N94: 185 | O94: 155 | P94: 0.54285714 | Q94: 148 | R94: 127 | S94: 0.496 | T94: 99 | U94: 80 | V94: 0.50588235 | W94: =N94+Q94+T94 -> 432
A95: 45020 | B95: Terça | C95: 1 | D95: 4 | E95: 0 | F95: 0 | H95: 0 | I95: 0 | J95: 0 | K95: 0 | L95: 2.4 | M95: 27 | N95: 158 | O95: 129 | P95: 0.50714286 | Q95: 141 | R95: 132 | S95: 0.48 | T95: 123 | U95: 115 | V95: 0.61176471 | W95: =N95+Q95+T95 -> 422
A96: 45021 | B96: Quarta | C96: 2 | D96: 4 | E96: 0 | F96: 0 | H96: 0 | I96: 0 | J96: 0 | K96: 0 | L96: 0 | M96: 27.3 | N96: 175 | O96: 156 | P96: 0.51428571 | Q96: 152 | R96: 141 | S96: 0.52 | T96: 94 | U96: 76 | V96: 0.52941176 | W96: =N96+Q96+T96 -> 421
A97: 45022 | B97: Quinta | C97: 3 | D97: 4 | E97: 0 | F97: 0 | H97: 0 | I97: 0 | J97: 0 | K97: 0 | L97: 8.1 | M97: 27 | N97: 191 | O97: 164 | P97: 0.57857143 | Q97: 156 | R97: 131 | S97: 0.504 | T97: 102 | U97: 94 | V97: 0.50588235 | W97: =N97+Q97+T97 -> 449
... A111: 45036 | B111: Quinta | C111: 3 | D111: 4 | E111: 0 | F111: 0 | H111: 0 | I111: 0 | J111: 0 | K111: 0 | L111: 23.5 | M111: 26.6 | N111: 171 | O111: 152 | P111: 0.5 | Q111: 168 | R111: 150 | S111: 0.552 | T111: 102 | U111: 93 | V111: 0.52941176 | W111: =N111+Q111+T111 -> 441
A112: 45037 | B112: Sexta | C112: 4 | D112: 4 | E112: 0 | F112: 1 | G112: Tiradentes | H112: 0 | I112: 0 | J112: 0 | K112: 0 | L112: 5 | M112: 28 | N112: 206 | O112: 183 | P112: 0.60714286 | Q112: 186 | R112: 174 | S112: 0.608 | T112: 119 | U112: 96 | V112: 0.63529412 | W112: =N112+Q112+T112 -> 511
A113: 45038 | B113: Sábado | C113: 5 | D113: 4 | E113: 1 | F113: 0 | H113: 0 | I113: 0 | J113: 0 | K113: 0 | L113: 10.5 | M113: 27.3 | N113: 194 | O113: 160 | P113: 0.59285714 | Q113: 182 | R113: 154 | S113: 0.624 | T113: 127 | U113: 111 | V113: 0.67058824 | W113: =N113+Q113+T113 -> 503
A114: 45039 | B114: Domingo | C114: 6 | D114: 4 | E114: 1 | F114: 0 | H114: 0 | I114: 0 | J114: 0 | K114: 0 | L114: 6 | M114: 28.2 | N114: 205 | O114: 192 | P114: 0.60714286 | Q114: 176 | R114: 165 | S114: 0.592 | T114: 128 | U114: 112 | V114: 0.64705882 | W114: =N114+Q114+T114 -> 509
A115: 45040 | B115: Segunda | C115: 0 | D115: 4 | E115: 0 | F115: 0 | H115: 0 | I115: 0 | J115: 0 | K115: 0 | L115: 15.3 | M115: 25.4 | N115: 158 | O115: 135 | P115: 0.47857143 | Q115: 154 | R115: 134 | S115: 0.504 | T115: 115 | U115: 97 | V115: 0.54117647 | W115: =N115+Q115+T115 -> 427
A116: 45041 | B116: Terça | C116: 1 | D116: 4 | E116: 0 | F116: 0 | H116: 0 | I116: 0 | J116: 0 | K116: 0 | L116: 14.8 | M116: 25.7 | N116: 171 | O116: 155 | P116: 0.52857143 | Q116: 145 | R116: 135 | S116: 0.48 | T116: 121 | U116: 107 | V116: 0.63529412 | W116: =N116+Q116+T116 -> 437
A117: 45042 | B117: Quarta | C117: 2 | D117: 4 | E117: 0 | F117: 0 | H117: 0 | I117: 0 | J117: 0 | K117: 0 | L117: 11.8 | M117: 27.7 | N117: 165 | O117: 133 | P117: 0.5 | Q117: 129 | R117: 111 | S117: 0.432 | T117: 103 | U117: 86 | V117: 0.52941176 | W117: =N117+Q117+T117 -> 397
A118: 45043 | B118: Quinta | C118: 3 | D118: 4 | E118: 0 | F118: 0 | H118: 0 | I118: 0 | J118: 0 | K118: 0 | L118: 7.3 | M118: 27.7 | N118: 182 | O118: 160 | P118: 0.54285714 | Q118: 151 | R118: 121 | S118: 0.496 | T118: 122 | U118: 110 | V118: 0.61176471 | W118: =N118+Q118+T118 -> 455
A119: 45044 | B119: Sexta | C119: 4 | D119: 4 | E119: 0 | F119: 0 | H119: 0 | I119: 0 | J119: 0 | K119: 0 | L119: 13.7 | M119: 27.5 | N119: 168 | O119: 151 | P119: 0.52142857 | Q119: 171 | R119: 152 | S119: 0.584 | T119: 105 | U119: 87 | V119: 0.54117647 | W119: =N119+Q119+T119 -> 444
A120: 45045 | B120: Sábado | C120: 5 | D120: 4 | E120: 1 | F120: 0 | H120: 0 | I120: 0 | J120: 0 | K120: 0 | L120: 12.7 | M120: 27.7 | N120: 194 | O120: 172 | P120: 0.56428571 | Q120: 186 | R120: 173 | S120: 0.616 | T120: 136 | U120: 119 | V120: 0.70588235 | W120: =N120+Q120+T120 -> 516
A121: 45046 | B121: Domingo | C121: 6 | D121: 4 | E121: 1 | F121: 0 | H121: 0 | I121: 0 | J121: 0 | K121: 0 | L121: 14 | M121: 26.4 | N121: 181 | O121: 164 | P121: 0.53571429 | Q121: 177 | R121: 153 | S121: 0.592 | T121: 126 | U121: 115 | V121: 0.68235294 | W121: =N121+Q121+T121 -> 484
A122: 45047 | B122: Segunda | C122: 0 | D122: 5 | E122: 0 | F122: 1 | G122: Dia do Trabalho | H122: 0 | I122: 0 | J122: 0 | K122: 0 | L122: 9.6 | M122: 29.3 | N122: 196 | O122: 165 | P122: 0.59285714 | Q122: 152 | R122: 131 | S122: 0.52 | T122: 125 | U122: 115 | V122: 0.67058824 | W122: =N122+Q122+T122 -> 473
A123: 45048 | B123: Terça | C123: 1 | D123: 5 | E123: 0 | F123: 0 | H123: 0 | I123: 0 | J123: 0 | K123: 0 | L123: 3.8 | M123: 28.5 | N123: 175 | O123: 145 | P123: 0.52142857 | Q123: 154 | R123: 134 | S123: 0.496 | T123: 111 | U123: 97 | V123: 0.6 | W123: =N123+Q123+T123 -> 440
A124: 45049 | B124: Quarta | C124: 2 | D124: 5 | E124: 0 | F124: 0 | H124: 0 | I124: 0 | J124: 0 | K124: 0 | L124: 26.9 | M124: 27.9 | N124: 155 | O124: 129 | P124: 0.47142857 | Q124: 154 | R124: 137 | S124: 0.496 | T124: 112 | U124: 101 | V124: 0.55294118 | W124: =N124+Q124+T124 -> 421
A125: 45050 | B125: Quinta | C125: 3 | D125: 5 | E125: 0 | F125: 0 | H125: 0 | I125: 0 | J125: 0 | K125: 0 | L125: 11.5 | M125: 27.5 | N125: 159 | O125: 146 | P125: 0.47857143 | Q125: 148 | R125: 119 | S125: 0.488 | T125: 121 | U125: 100 | V125: 0.61176471 | W125: =N125+Q125+T125 -> 428
A126: 45051 | B126: Sexta | C126: 4 | D126: 5 | E126: 0 | F126: 0 | H126: 0 | I126: 0 | J126: 0 | K126: 0 | L126: 13.1 | M126: 27.1 | N126: 189 | O126: 163 | P126: 0.59285714 | Q126: 165 | R126: 148 | S126: 0.56 | T126: 103 | U126: 97 | V126: 0.54117647 | W126: =N126+Q126+T126 -> 457
A127: 45052 | B127: Sábado | C127: 5 | D127: 5 | E127: 1 | F127: 0 | H127: 0 | I127: 0 | J127: 0 | K127: 0 | L127: 1.9 | M127: 26.3 | N127: 201 | O127: 181 | P127: 0.59285714 | Q127: 183 | R127: 159 | S127: 0.624 | T127: 136 | U127: 116 | V127: 0.71764706 | W127: =N127+Q127+T127 -> 520
A128: 45053 | B128: Domingo | C128: 6 | D128: 5 | E128: 1 | F128: 0 | H128: 0 | I128: 0 | J128: 0 | K128: 0 | L128: 11.7 | M128: 27.2 | N128: 194 | O128: 182 | P128: 0.58571429 | Q128: 169 | R128: 135 | S128: 0.576 | T128: 153 | U128: 140 | V128: 0.75294118 | W128: =N128+Q128+T128 -> 516
A129: 45054 | B129: Segunda | C129: 0 | D129: 5 | E129: 0 | F129: 0 | H129: 0 | I129: 0 | J129: 0 | K129: 0 | L129: 14.6 | M129: 28.1 | N129: 168 | O129: 157 | P129: 0.52142857 | Q129: 156 | R129: 136 | S129: 0.528 | T129: 111 | U129: 104 | V129: 0.6 | W129: =N129+Q129+T129 -> 435
A130: 45055 | B130: Terça | C130: 1 | D130: 5 | E130: 0 | F130: 0 | H130: 0 | I130: 0 | J130: 0 | K130: 0 | L130: 28.2 | M130: 27.3 | N130: 178 | O130: 153 | P130: 0.54285714 | Q130: 153 | R130: 134 | S130: 0.504 | T130: 102 | U130: 88 | V130: 0.54117647 | W130: =N130+Q130+T130 -> 433
A131: 45056 | B131: Quarta | C131: 2 | D131: 5 | E131: 0 | F131: 0 | H131: 0 | I131: 0 | J131: 0 | K131: 0 | L131: 15.5 | M131: 27.6 | N131: 158 | O131: 135 | P131: 0.47857143 | Q131: 139 | R131: 130 | S131: 0.472 | T131: 98 | U131: 85 | V131: 0.52941176 | W131: =N131+Q131+T131 -> 395
A132: 45057 | B132: Quinta | C132: 3 | D132: 5 | E132: 0 | F132: 0 | H132: 0 | I132: 0 | J132: 0 | K132: 0 | L132: 15.5 | M132: 26.3 | N132: 188 | O132: 159 | P132: 0.56428571 | Q132: 144 | R132: 133 | S132: 0.488 | T132: 116 | U132: 102 | V132: 0.56470588 | W132: =N132+Q132+T132 -> 448
A133: 45058 | B133: Sexta | C133: 4 | D133: 5 | E133: 0 | F133: 0 | H133: 0 | I133: 0 | J133: 0 | K133: 0 | L133: 7.5 | M133: 26.1 | N133: 189 | O133: 177 | P133: 0.57142857 | Q133: 145 | R133: 122 | S133: 0.496 | T133: 114 | U133: 103 | V133: 0.61176471 | W133: =N133+Q133+T133 -> 448
A134: 45059 | B134: Sábado | C134: 5 | D134: 5 | E134: 1 | F134: 0 | H134: 0 | I134: 0 | J134: 0 | K134: 0 | L134: 15.4 | M134: 27.8 | N134: 182 | O134: 160 | P134: 0.56428571 | Q134: 168 | R134: 141 | S134: 0.568 | T134: 136 | U134: 110 | V134: 0.72941176 | W134: =N134+Q134+T134 -> 486
... A250: 45175 | B250: Quarta | C250: 2 | D250: 9 | E250: 0 | F250: 0 | H250: 0 | I250: 0 | J250: 0 | K250: 0 | L250: 0 | M250: 28.3 | N250: 159 | O250: 139 | P250: 0.47857143 | Q250: 163 | R250: 151 | S250: 0.52 | T250: 109 | U250: 88 | V250: 0.57647059 | W250: =N250+Q250+T250 -> 431
A251: 45176 | B251: Quinta | C251: 3 | D251: 9 | E251: 0 | F251: 1 | G251: Independência do Brasil | H251: 0 | I251: 0 | J251: 0 | K251: 0 | L251: 0 | M251: 28.8 | N251: 208 | O251: 195 | P251: 0.62857143 | Q251: 180 | R251: 166 | S251: 0.608 | T251: 120 | U251: 106 | V251: 0.63529412 | W251: =N251+Q251+T251 -> 508
A252: 45177 | B252: Sexta | C252: 4 | D252: 9 | E252: 0 | F252: 0 | H252: 0 | I252: 0 | J252: 0 | K252: 0 | L252: 0 | M252: 29.4 | N252: 175 | O252: 158 | P252: 0.53571429 | Q252: 154 | R252: 134 | S252: 0.512 | T252: 95 | U252: 82 | V252: 0.52941176 | W252: =N252+Q252+T252 -> 424
A253: 45178 | B253: Sábado | C253: 5 | D253: 9 | E253: 1 | F253: 0 | H253: 0 | I253: 0 | J253: 0 | K253: 0 | L253: 1.8 | M253: 28.5 | N253: 207 | O253: 179 | P253: 0.63571429 | Q253: 175 | R253: 146 | S253: 0.584 | T253: 145 | U253: 128 | V253: 0.76470588 | W253: =N253+Q253+T253 -> 527
A254: 45179 | B254: Domingo | C254: 6 | D254: 9 | E254: 1 | F254: 0 | H254: 0 | I254: 0 | J254: 0 | K254: 0 | L254: 0 | M254: 29.1 | N254: 194 | O254: 174 | P254: 0.59285714 | Q254: 161 | R254: 134 | S254: 0.552 | T254: 135 | U254: 110 | V254: 0.69411765 | W254: =N254+Q254+T254 -> 490
A255: 45180 | B255: Segunda | C255: 0 | D255: 9 | E255: 0 | F255: 0 | H255: 0 | I255: 0 | J255: 0 | K255: 0 | L255: 2.1 | M255: 28.5 | N255: 157 | O255: 145 | P255: 0.47857143 | Q255: 160 | R255: 138 | S255: 0.512 | T255: 112 | U255: 95 | V255: 0.56470588 | W255: =N255+Q255+T255 -> 429
A256: 45181 | B256: Terça | C256: 1 | D256: 9 | E256: 0 | F256: 0 | H256: 0 | I256: 0 | J256: 0 | K256: 0 | L256: 1.7 | M256: 29.3 | N256: 186 | O256: 166 | P256: 0.56428571 | Q256: 164 | R256: 151 | S256: 0.528 | T256: 112 | U256: 105 | V256: 0.54117647 | W256: =N256+Q256+T256 -> 462
A257: 45182 | B257: Quarta | C257: 2 | D257: 9 | E257: 0 | F257: 0 | H257: 0 | I257: 0 | J257: 0 | K257: 0 | L257: 0 | M257: 28.7 | N257: 203 | O257: 190 | P257: 0.62142857 | Q257: 152 | R257: 138 | S257: 0.512 | T257: 104 | U257: 92 | V257: 0.57647059 | W257: =N257+Q257+T257 -> 459
A258: 45183 | B258: Quinta | C258: 3 | D258: 9 | E258: 0 | F258: 0 | H258: 0 | I258: 0 | J258: 0 | K258: 0 | L258: 4.7 | M258: 29.9 | N258: 164 | O258: 150 | P258: 0.50714286 | Q258: 136 | R258: 113 | S258: 0.44 | T258: 111 | U258: 92 | V258: 0.57647059 | W258: =N258+Q258+T258 -> 411
A259: 45184 | B259: Sexta | C259: 4 | D259: 9 | E259: 0 | F259: 0 | H259: 0 | I259: 0 | J259: 0 | K259: 0 | L259: 0 | M259: 28.7 | N259: 178 | O259: 146 | P259: 0.55 | Q259: 144 | R259: 120 | S259: 0.472 | T259: 111 | U259: 97 | V259: 0.6 | W259: =N259+Q259+T259 -> 433
A260: 45185 | B260: Sábado | C260: 5 | D260: 9 | E260: 1 | F260: 0 | H260: 0 | I260: 0 | J260: 0 | K260: 0 | L260: 0 | M260: 30 | N260: 195 | O260: 169 | P260: 0.58571429 | Q260: 190 | R260: 177 | S260: 0.616 | T260: 131 | U260: 105 | V260: 0.67058824 | W260: =N260+Q260+T260 -> 516
A261: 45186 | B261: Domingo | C261: 6 | D261: 9 | E261: 1 | F261: 0 | H261: 0 | I261: 0 | J261: 0 | K261: 0 | L261: 0.7 | M261: 28.9 | N261: 217 | O261: 189 | P261: 0.65714286 | Q261: 193 | R261: 173 | S261: 0.64 | T261: 128 | U261: 103 | V261: 0.68235294 | W261: =N261+Q261+T261 -> 538
A262: 45187 | B262: Segunda | C262: 0 | D262: 9 | E262: 0 | F262: 0 | H262: 0 | I262: 0 | J262: 0 | K262: 0 | L262: 2.7 | M262: 29 | N262: 161 | O262: 136 | P262: 0.5 | Q262: 169 | R262: 147 | S262: 0.552 | T262: 110 | U262: 90 | V262: 0.58823529 | W262: =N262+Q262+T262 -> 440
A263: 45188 | B263: Terça | C263: 1 | D263: 9 | E263: 0 | F263: 0 | H263: 0 | I263: 0 | J263: 0 | K263: 0 | L263: 1.1 | M263: 29.7 | N263: 147 | O263: 127 | P263: 0.47142857 | Q263: 162 | R263: 130 | S263: 0.528 | T263: 119 | U263: 97 | V263: 0.57647059 | W263: =N263+Q263+T263 -> 428
... A285: 45210 | B285: Quarta | C285: 2 | D285: 10 | E285: 0 | F285: 0 | H285: 0 | I285: 0 | J285: 0 | K285: 0 | L285: 3.5 | M285: 28.8 | N285: 165 | O285: 145 | P285: 0.49285714 | Q285: 153 | R285: 138 | S285: 0.496 | T285: 117 | U285: 105 | V285: 0.61176471 | W285: =N285+Q285+T285 -> 435
A286: 45211 | B286: Quinta | C286: 3 | D286: 10 | E286: 0 | F286: 1 | G286: Nossa Senhora Aparecida | H286: 0 | I286: 0 | J286: 0 | K286: 0 | L286: 0 | M286: 28.1 | N286: 211 | O286: 189 | P286: 0.65 | Q286: 182 | R286: 153 | S286: 0.608 | T286: 107 | U286: 88 | V286: 0.6 | W286: =N286+Q286+T286 -> 500
A287: 45212 | B287: Sexta | C287: 4 | D287: 10 | E287: 0 | F287: 0 | H287: 0 | I287: 0 | J287: 0 | K287: 0 | L287: 0 | M287: 29.7 | N287: 175 | O287: 149 | P287: 0.53571429 | Q287: 160 | R287: 138 | S287: 0.52 | T287: 127 | U287: 116 | V287: 0.64705882 | W287: =N287+Q287+T287 -> 462
A288: 45213 | B288: Sábado | C288: 5 | D288: 10 | E288: 1 | F288: 0 | H288: 0 | I288: 0 | J288: 0 | K288: 0 | L288: 0 | M288: 30.6 | N288: 196 | O288: 164 | P288: 0.6 | Q288: 182 | R288: 171 | S288: 0.592 | T288: 133 | U288: 120 | V288: 0.69411765 | W288: =N288+Q288+T288 -> 511
A289: 45214 | B289: Domingo | C289: 6 | D289: 10 | E289: 1 | F289: 0 | H289: 0 | I289: 0 | J289: 0 | K289: 0 | L289: 1 | M289: 30.8 | N289: 212 | O289: 173 | P289: 0.62857143 | Q289: 180 | R289: 158 | S289: 0.608 | T289: 134 | U289: 118 | V289: 0.72941176 | W289: =N289+Q289+T289 -> 526
A290: 45215 | B290: Segunda | C290: 0 | D290: 10 | E290: 0 | F290: 0 | H290: 0 | I290: 0 | J290: 0 | K290: 0 | L290: 3.6 | M290: 29.8 | N290: 194 | O290: 179 | P290: 0.57142857 | Q290: 148 | R290: 123 | S290: 0.496 | T290: 101 | U290: 89 | V290: 0.51764706 | W290: =N290+Q290+T290 -> 443
A291: 45216 | B291: Terça | C291: 1 | D291: 10 | E291: 0 | F291: 0 | H291: 0 | I291: 0 | J291: 0 | K291: 0 | L291: 5.3 | M291: 29.1 | N291: 190 | O291: 156 | P291: 0.57857143 | Q291: 150 | R291: 136 | S291: 0.528 | T291: 100 | U291: 90 | V291: 0.52941176 | W291: =N291+Q291+T291 -> 440
A292: 45217 | B292: Quarta | C292: 2 | D292: 10 | E292: 0 | F292: 0 | H292: 0 | I292: 0 | J292: 0 | K292: 0 | L292: 2.5 | M292: 29.7 | N292: 145 | O292: 124 | P292: 0.45 | Q292: 162 | R292: 139 | S292: 0.544 | T292: 103 | U292: 87 | V292: 0.55294118 | W292: =N292+Q292+T292 -> 410
A293: 45218 | B293: Quinta | C293: 3 | D293: 10 | E293: 0 | F293: 0 | H293: 0 | I293: 0 | J293: 0 | K293: 0 | L293: 2.4 | M293: 30 | N293: 164 | O293: 132 | P293: 0.51428571 | Q293: 153 | R293: 141 | S293: 0.504 | T293: 107 | U293: 90 | V293: 0.6 | W293: =N293+Q293+T293 -> 424
A294: 45219 | B294: Sexta | C294: 4 | D294: 10 | E294: 0 | F294: 0 | H294: 0 | I294: 0 | J294: 0 | K294: 0 | L294: 1 | M294: 29.9 | N294: 150 | O294: 124 | P294: 0.47142857 | Q294: 146 | R294: 121 | S294: 0.496 | T294: 124 | U294: 116 | V294: 0.6 | W294: =N294+Q294+T294 -> 420
A295: 45220 | B295: Sábado | C295: 5 | D295: 10 | E295: 1 | F295: 0 | H295: 0 | I295: 0 | J295: 0 | K295: 0 | L295: 0 | M295: 31.1 | N295: 189 | O295: 161 | P295: 0.57857143 | Q295: 191 | R295: 179 | S295: 0.616 | T295: 140 | U295: 121 | V295: 0.71764706 | W295: =N295+Q295+T295 -> 520
A296: 45221 | B296: Domingo | C296: 6 | D296: 10 | E296: 1 | F296: 0 | H296: 0 | I296: 0 | J296: 0 | K296: 0 | L296: 0.6 | M296: 29.4 | N296: 177 | O296: 150 | P296: 0.55714286 | Q296: 185 | R296: 165 | S296: 0.632 | T296: 120 | U296: 104 | V296: 0.64705882 | W296: =N296+Q296+T296 -> 482
A297: 45222 | B297: Segunda | C297: 0 | D297: 10 | E297: 0 | F297: 0 | H297: 0 | I297: 0 | J297: 0 | K297: 0 | L297: 2.6 | M297: 27.5 | N297: 152 | O297: 131 | P297: 0.45 | Q297: 133 | R297: 117 | S297: 0.464 | T297: 116 | U297: 97 | V297: 0.6 | W297: =N297+Q297+T297 -> 401
A298: 45223 | B298: Terça | C298: 1 | D298: 10 | E298: 0 | F298: 0 | H298: 0 | I298: 0 | J298: 0 | K298: 0 | L298: 0 | M298: 28.8 | N298: 181 | O298: 165 | P298: 0.51428571 | Q298: 150 | R298: 133 | S298: 0.504 | T298: 112 | U298: 96 | V298: 0.58823529 | W298: =N298+Q298+T298 -> 443
... A306: 45231 | B306: Quarta | C306: 2 | D306: 11 | E306: 0 | F306: 0 | H306: 0 | I306: 0 | J306: 0 | K306: 0 | L306: 2.3 | M306: 30.3 | N306: 188 | O306: 152 | P306: 0.57857143 | Q306: 142 | R306: 119 | S306: 0.472 | T306: 110 | U306: 93 | V306: 0.6 | W306: =N306+Q306+T306 -> 440
A307: 45232 | B307: Quinta | C307: 3 | D307: 11 | E307: 0 | F307: 1 | G307: Finados | H307: 0 | I307: 0 | J307: 0 | K307: 0 | L307: 0 | M307: 28.8 | N307: 190 | O307: 165 | P307: 0.59285714 | Q307: 177 | R307: 157 | S307: 0.584 | T307: 121 | U307: 104 | V307: 0.63529412 | W307: =N307+Q307+T307 -> 488
A308: 45233 | B308: Sexta | C308: 4 | D308: 11 | E308: 0 | F308: 0 | H308: 0 | I308: 0 | J308: 0 | K308: 0 | L308: 1.7 | M308: 28.2 | N308: 160 | O308: 138 | P308: 0.47857143 | Q308: 119 | R308: 105 | S308: 0.424 | T308: 127 | U308: 110 | V308: 0.63529412 | W308: =N308+Q308+T308 -> 406
A309: 45234 | B309: Sábado | C309: 5 | D309: 11 | E309: 1 | F309: 0 | H309: 0 | I309: 0 | J309: 0 | K309: 0 | L309: 0.5 | M309: 30.7 | N309: 208 | O309: 188 | P309: 0.65 | Q309: 193 | R309: 163 | S309: 0.608 | T309: 140 | U309: 122 | V309: 0.71764706 | W309: =N309+Q309+T309 -> 541
A310: 45235 | B310: Domingo | C310: 6 | D310: 11 | E310: 1 | F310: 0 | H310: 0 | I310: 0 | J310: 0 | K310: 0 | L310: 0 | M310: 29.8 | N310: 220 | O310: 198 | P310: 0.67142857 | Q310: 195 | R310: 183 | S310: 0.648 | T310: 131 | U310: 117 | V310: 0.68235294 | W310: =N310+Q310+T310 -> 546
A311: 45236 | B311: Segunda | C311: 0 | D311: 11 | E311: 0 | F311: 0 | H311: 0 | I311: 0 | J311: 0 | K311: 0 | L311: 0 | M311: 28.5 | N311: 211 | O311: 175 | P311: 0.62857143 | Q311: 153 | R311: 124 | S311: 0.496 | T311: 109 | U311: 94 | V311: 0.57647059 | W311: =N311+Q311+T311 -> 473
A312: 45237 | B312: Terça | C312: 1 | D312: 11 | E312: 0 | F312: 0 | H312: 0 | I312: 0 | J312: 0 | K312: 0 | L312: 0 | M312: 29.6 | N312: 163 | O312: 132 | P312: 0.51428571 | Q312: 152 | R312: 127 | S312: 0.512 | T312: 102 | U312: 90 | V312: 0.57647059 | W312: =N312+Q312+T312 -> 417
A313: 45238 | B313: Quarta | C313: 2 | D313: 11 | E313: 0 | F313: 0 | H313: 0 | I313: 0 | J313: 0 | K313: 0 | L313: 2.1 | M313: 28.9 | N313: 190 | O313: 153 | P313: 0.57857143 | Q313: 134 | R313: 116 | S313: 0.44 | T313: 103 | U313: 89 | V313: 0.55294118 | W313: =N313+Q313+T313 -> 427
A314: 45239 | B314: Quinta | C314: 3 | D314: 11 | E314: 0 | F314: 0 | H314: 0 | I314: 0 | J314: 0 | K314: 0 | L314: 3.3 | M314: 27.6 | N314: 178 | O314: 159 | P314: 0.54285714 | Q314: 155 | R314: 132 | S314: 0.52 | T314: 108 | U314: 96 | V314: 0.56470588 | W314: =N314+Q314+T314 -> 441
A315: 45240 | B315: Sexta | C315: 4 | D315: 11 | E315: 0 | F315: 0 | H315: 0 | I315: 0 | J315: 0 | K315: 0 | L315: 0 | M315: 28.7 | N315: 166 | O315: 149 | P315: 0.52857143 | Q315: 169 | R315: 157 | S315: 0.544 | T315: 110 | U315: 89 | V315: 0.55294118 | W315: =N315+Q315+T315 -> 445
A316: 45241 | B316: Sábado | C316: 5 | D316: 11 | E316: 1 | F316: 0 | H316: 0 | I316: 0 | J316: 0 | K316: 0 | L316: 0.3 | M316: 29.2 | N316: 202 | O316: 181 | P316: 0.62142857 | Q316: 186 | R316: 150 | S316: 0.648 | T316: 134 | U316: 109 | V316: 0.68235294 | W316: =N316+Q316+T316 -> 522
A317: 45242 | B317: Domingo | C317: 6 | D317: 11 | E317: 1 | F317: 0 | H317: 0 | I317: 0 | J317: 0 | K317: 0 | L317: 0 | M317: 29.4 | N317: 206 | O317: 192 | P317: 0.61428571 | Q317: 209 | R317: 195 | S317: 0.688 | T317: 140 | U317: 114 | V317: 0.68235294 | W317: =N317+Q317+T317 -> 555
A318: 45243 | B318: Segunda | C318: 0 | D318: 11 | E318: 0 | F318: 0 | H318: 0 | I318: 0 | J318: 0 | K318: 0 | L318: 0 | M318: 30.2 | N318: 174 | O318: 145 | P318: 0.52142857 | Q318: 162 | R318: 132 | S318: 0.544 | T318: 125 | U318: 108 | V318: 0.61176471 | W318: =N318+Q318+T318 -> 461
A319: 45244 | B319: Terça | C319: 1 | D319: 11 | E319: 0 | F319: 0 | H319: 0 | I319: 0 | J319: 0 | K319: 0 | L319: 0 | M319: 29.6 | N319: 200 | O319: 170 | P319: 0.61428571 | Q319: 134 | R319: 114 | S319: 0.44 | T319: 112 | U319: 102 | V319: 0.6 | W319: =N319+Q319+T319 -> 446
...

Sheet Dados_Longos
A1: Data | B1: Hotel_ID | C1: Hotel | D1: Municipio | E1: Regiao_Litoranea | F1: Numero_Quartos | G1: Capacidade_Hospedes | H1: Hospedes_Hospedados | I1: Quartos_Ocupados | J1: Taxa_Ocupacao | K1: Hospedes_Checkin | L1: Hospedes_Checkout | M1: Reservas_Confirmadas_D14 | N1: Diaria_Media_R$ | O1: Chuva_mm | P1: Temperatura_Max_C | Q1: Dia_Semana | R1: Dia_Semana_Nome | S1: Mes | T1: Dia_Ano | U1: Dia_Semana_Sin | V1: Dia_Semana_Cos | W1: Dia_Ano_Sin | X1: Dia_Ano_Cos | Y1: Fim_De_Semana | Z1: Feriado | AA1: Nome_Feriado | AB1: Ferias_Escolares | AC1: Carnaval | AD1: Reveillon | AE1: Evento_Local_Simulado
A2: 44927 | B2: H01 | C2: Hotel Atlântico Fortaleza | D2: Fortaleza | E2: Litoral de Fortaleza | F2: 140 | G2: 360 | H2: 284 | I2: 121 | J2: 0.86428571 | K2: 72 | L2: 57 | M2: 255 | N2: 487.62 | O2: 1.2 | P2: 28 | Q2: 6 | R2: Domingo | S2: 1 | T2: 1 | U2: -0.78183148 | V2: 0.6234898 | W2: 0 | X2: 1 | Y2: 1 | Z2: 1 | AA2: Confraternização Universal | AB2: 1 | AC2: 0 | AD2: 1 | AE2: 0
A3: 44927 | B3: H02 | C3: Resort Dunas do Porto | D3: Aquiraz | E3: Porto das Dunas | F3: 125 | G3: 320 | H3: 284 | I3: 121 | J3: 0.968 | K3: 39 | L3: 72 | M3: 259 | N3: 725.63 | O3: 1.2 | P3: 28 | Q3: 6 | R3: Domingo | S3: 1 | T3: 1 | U3: -0.78183148 | V3: 0.6234898 | W3: 0 | X3: 1 | Y3: 1 | Z3: 1 | AA3: Confraternização Universal | AB3: 1 | AC3: 0 | AD3: 1 | AE3: 0
A4: 44927 | B4: H03 | C4: Pousada Jericoacoara Azul | D4: Jijoca de Jericoacoara | E4: Litoral Oeste | F4: 85 | G4: 210 | H4: 188 | I4: 82 | J4: 0.96470588 | K4: 27 | L4: 49 | M4: 158 | N4: 602.95 | O4: 1.2 | P4: 28 | Q4: 6 | R4: Domingo | S4: 1 | T4: 1 | U4: -0.78183148 | V4: 0.6234898 | W4: 0 | X4: 1 | Y4: 1 | Z4: 1 | AA4: Confraternização Universal | AB4: 1 | AC4: 0 | AD4: 1 | AE4: 0
A5: 44928 | B5: H01 | C5: Hotel Atlântico Fortaleza | D5: Fortaleza | E5: Litoral de Fortaleza | F5: 140 | G5: 360 | H5: 260 | I5: 112 | J5: 0.8 | K5: 50 | L5: 53 | M5: 244 | N5: 443.38 | O5: 1.4 | P5: 28 | Q5: 0 | R5: Segunda | S5: 1 | T5: 2 | U5: 0 | V5: 1 | W5: 0.017201575 | X5: 0.99985204 | Y5: 0 | Z5: 0 | AB5: 1 | AC5: 0 | AD5: 1 | AE5: 0
A6: 44928 | B6: H02 | C6: Resort Dunas do Porto | D6: Aquiraz | E6: Porto das Dunas | F6: 125 | G6: 320 | H6: 269 | I6: 112 | J6: 0.896 | K6: 47 | L6: 60 | M6: 237 | N6: 607.63 | O6: 1.4 | P6: 28 | Q6: 0 | R6: Segunda | S6: 1 | T6: 2 | U6: 0 | V6: 1 | W6: 0.017201575 | X6: 0.99985204 | Y6: 0 | Z6: 0 | AB6: 1 | AC6: 0 | AD6: 1 | AE6: 0
A7: 44928 | B7: H03 | C7: Pousada Jericoacoara Azul | D7: Jijoca de Jericoacoara | E7: Litoral Oeste | F7: 85 | G7: 210 | H7: 186 | I7: 82 | J7: 0.96470588 | K7: 41 | L7: 35 | M7: 168 | N7: 572.84 | O7: 1.4 | P7: 28 | Q7: 0 | R7: Segunda | S7: 1 | T7: 2 | U7: 0 | V7: 1 | W7: 0.017201575 | X7: 0.99985204 | Y7: 0 | Z7: 0 | AB7: 1 | AC7: 0 | AD7: 1 | AE7: 0
A8: 44929 | B8: H01 | C8: Hotel Atlântico Fortaleza | D8: Fortaleza | E8: Litoral de Fortaleza | F8: 140 | G8: 360 | H8: 219 | I8: 93 | J8: 0.66428571 | K8: 41 | L8: 28 | M8: 193 | N8: 502.23 | O8: 0 | P8: 29.9 | Q8: 1 | R8: Terça | S8: 1 | T8: 3 | U8: 0.78183148 | V8: 0.6234898 | W8: 0.034398061 | X8: 0.99940821 | Y8: 0 | Z8: 0 | AB8: 1 | AC8: 0 | AD8: 0 | AE8: 0
A9: 44929 | B9: H02 | C9: Resort Dunas do Porto | D9: Aquiraz | E9: Porto das Dunas | F9: 125 | G9: 320 | H9: 211 | I9: 88 | J9: 0.704 | K9: 32 | L9: 59 | M9: 195 | N9: 633.46 | O9: 0 | P9: 29.9 | Q9: 1 | R9: Terça | S9: 1 | T9: 3 | U9: 0.78183148 | V9: 0.6234898 | W9: 0.034398061 | X9: 0.99940821 | Y9: 0 | Z9: 0 | AB9: 1 | AC9: 0 | AD9: 0 | AE9: 0
A10: 44929 | B10: H03 | C10: Pousada Jericoacoara Azul | D10: Jijoca de Jericoacoara | E10: Litoral Oeste | F10: 85 | G10: 210 | H10: 140 | I10: 63 | J10: 0.74117647 | K10: 35 | L10: 34 | M10: 121 | N10: 595.28 | O10: 0 | P10: 29.9 | Q10: 1 | R10: Terça | S10: 1 | T10: 3 | U10: 0.78183148 | V10: 0.6234898 | W10: 0.034398061 | X10: 0.99940821 | Y10: 0 | Z10: 0 | AB10: 1 | AC10: 0 | AD10: 0 | AE10: 0
A11: 44930 | B11: H01 | C11: Hotel Atlântico Fortaleza | D11: Fortaleza | E11: Litoral de Fortaleza | F11: 140 | G11: 360 | H11: 205 | I11: 90 | J11: 0.64285714 | K11: 47 | L11: 45 | M11: 187 | N11: 474.96 | O11: 0 | P11: 29 | Q11: 2 | R11: Quarta | S11: 1 | T11: 4 | U11: 0.97492791 | V11: -0.22252093 | W11: 0.051584367 | X11: 0.99866864 | Y11: 0 | Z11: 0 | AB11: 1 | AC11: 0 | AD11: 0 | AE11: 0
A12: 44930 | B12: H02 | C12: Resort Dunas do Porto | D12: Aquiraz | E12: Porto das Dunas | F12: 125 | G12: 320 | H12: 243 | I12: 99 | J12: 0.792 | K12: 35 | L12: 36 | M12: 197 | N12: 729.99 | O12: 0 | P12: 29 | Q12: 2 | R12: Quarta | S12: 1 | T12: 4 | U12: 0.97492791 | V12: -0.22252093 | W12: 0.051584367 | X12: 0.99866864 | Y12: 0 | Z12: 0 | AB12: 1 | AC12: 0 | AD12: 0 | AE12: 0
A13: 44930 | B13: H03 | C13: Pousada Jericoacoara Azul | D13: Jijoca de Jericoacoara | E13: Litoral Oeste | F13: 85 | G13: 210 | H13: 152 | I13: 67 | J13: 0.78823529 | K13: 19 | L13: 28 | M13: 130 | N13: 548.59 | O13: 0 | P13: 29 | Q13: 2 | R13: Quarta | S13: 1 | T13: 4 | U13: 0.97492791 | V13: -0.22252093 | W13: 0.051584367 | X13: 0.99866864 | Y13: 0 | Z13: 0 | AB13: 1 | AC13: 0 | AD13: 0 | AE13: 0
A14: 44931 | B14: H01 | C14: Hotel Atlântico Fortaleza | D14: Fortaleza | E14: Litoral de Fortaleza | F14: 140 | G14: 360 | H14: 221 | I14: 91 | J14: 0.65 | K14: 42 | L14: 38 | M14: 206 | N14: 471.22 | O14: 0 | P14: 29.3 | Q14: 3 | R14: Quinta | S14: 1 | T14: 5 | U14: 0.43388374 | V14: -0.90096887 | W14: 0.068755408 | X14: 0.99763355 | Y14: 0 | Z14: 0 | AB14: 1 | AC14: 0 | AD14: 0 | AE14: 0
A15: 44931 | B15: H02 | C15: Resort Dunas do Porto | D15: Aquiraz | E15: Porto das Dunas | F15: 125 | G15: 320 | H15: 226 | I15: 96 | J15: 0.768 | K15: 31 | L15: 29 | M15: 201 | N15: 624.97 | O15: 0 | P15: 29.3 | Q15: 3 | R15: Quinta | S15: 1 | T15: 5 | U15: 0.43388374 | V15: -0.90096887 | W15: 0.068755408 | X15: 0.99763355 | Y15: 0 | Z15: 0 | AB15: 1 | AC15: 0 | AD15: 0 | AE15: 0
A16: 44931 | B16: H03 | C16: Pousada Jericoacoara Azul | D16: Jijoca de Jericoacoara | E16: Litoral Oeste | F16: 85 | G16: 210 | H16: 150 | I16: 68 | J16: 0.8 | K16: 29 | L16: 33 | M16: 134 | N16: 550.32 | O16: 0 | P16: 29.3 | Q16: 3 | R16: Quinta | S16: 1 | T16: 5 | U16: 0.43388374 | V16: -0.90096887 | W16: 0.068755408 | X16: 0.99763355 | Y16: 0 | Z16: 0 | AB16: 1 | AC16: 0 | AD16: 0 | AE16: 0
... A232: 45003 | B232: H03 | C232: Pousada Jericoacoara Azul | D232: Jijoca de Jericoacoara | E232: Litoral Oeste | F232: 85 | G232: 210 | H232: 133 | I232: 59 | J232: 0.69411765 | K232: 26 | L232: 21 | M232: 113 | N232: 553.96 | O232: 10.1 | P232: 27.7 | Q232: 5 | R232: Sábado | S232: 3 | T232: 77 | U232: -0.97492791 | V232: -0.22252093 | W232: 0.96550717 | X232: 0.26037648 | Y232: 1 | Z232: 0 | AB232: 0 | AC232: 0 | AD232: 0 | AE232: 0
A233: 45004 | B233: H01 | C233: Hotel Atlântico Fortaleza | D233: Fortaleza | E233: Litoral de Fortaleza | F233: 140 | G233: 360 | H233: 210 | I233: 89 | J233: 0.63571429 | K233: 44 | L233: 22 | M233: 173 | N233: 515.55 | O233: 10.6 | P233: 25.4 | Q233: 6 | R233: Domingo | S233: 3 | T233: 78 | U233: -0.78183148 | V233: 0.6234898 | W233: 0.9698432 | X233: 0.24372971 | Y233: 1 | Z233: 1 | AA233: Dia de São José (CE) | AB233: 0 | AC233: 0 | AD233: 0 | AE233: 0
A234: 45004 | B234: H02 | C234: Resort Dunas do Porto | D234: Aquiraz | E234: Porto das Dunas | F234: 125 | G234: 320 | H234: 199 | I234: 84 | J234: 0.672 | K234: 22 | L234: 49 | M234: 167 | N234: 704.92 | O234: 10.6 | P234: 25.4 | Q234: 6 | R234: Domingo | S234: 3 | T234: 78 | U234: -0.78183148 | V234: 0.6234898 | W234: 0.9698432 | X234: 0.24372971 | Y234: 1 | Z234: 1 | AA234: Dia de São José (CE) | AB234: 0 | AC234: 0 | AD234: 0 | AE234: 0
A235: 45004 | B235: H03 | C235: Pousada Jericoacoara Azul | D235: Jijoca de Jericoacoara | E235: Litoral Oeste | F235: 85 | G235: 210 | H235: 147 | I235: 66 | J235: 0.77647059 | K235: 31 | L235: 29 | M235: 135 | N235: 556.89 | O235: 10.6 | P235: 25.4 | Q235: 6 | R235: Domingo | S235: 3 | T235: 78 | U235: -0.78183148 | V235: 0.6234898 | W235: 0.9698432 | X235: 0.24372971 | Y235: 1 | Z235: 1 | AA235: Dia de São José (CE) | AB235: 0 | AC235: 0 | AD235: 0 | AE235: 0
A236: 45005 | B236: H01 | C236: Hotel Atlântico Fortaleza | D236: Fortaleza | E236: Litoral de Fortaleza | F236: 140 | G236: 360 | H236: 182 | I236: 78 | J236: 0.55714286 | K236: 24 | L236: 16 | M236: 153 | N236: 422.53 | O236: 32.4 | P236: 28.4 | Q236: 0 | R236: Segunda | S236: 3 | T236: 79 | U236: 0 | V236: 1 | W236: 0.97389224 | X236: 0.22701082 | Y236: 0 | Z236: 0 | AB236: 0 | AC236: 0 | AD236: 0 | AE236: 0
A237: 45005 | B237: H02 | C237: Resort Dunas do Porto | D237: Aquiraz | E237: Porto das Dunas | F237: 125 | G237: 320 | H237: 143 | I237: 58 | J237: 0.464 | K237: 38 | L237: 28 | M237: 118 | N237: 599.65 | O237: 32.4 | P237: 28.4 | Q237: 0 | R237: Segunda | S237: 3 | T237: 79 | U237: 0 | V237: 1 | W237: 0.97389224 | X237: 0.22701082 | Y237: 0 | Z237: 0 | AB237: 0 | AC237: 0 | AD237: 0 | AE237: 0
A238: 45005 | B238: H03 | C238: Pousada Jericoacoara Azul | D238: Jijoca de Jericoacoara | E238: Litoral Oeste | F238: 85 | G238: 210 | H238: 113 | I238: 48 | J238: 0.56470588 | K238: 15 | L238: 18 | M238: 105 | N238: 485.14 | O238: 32.4 | P238: 28.4 | Q238: 0 | R238: Segunda | S238: 3 | T238: 79 | U238: 0 | V238: 1 | W238: 0.97389224 | X238: 0.22701082 | Y238: 0 | Z238: 0 | AB238: 0 | AC238: 0 | AD238: 0 | AE238: 0
A239: 45006 | B239: H01 | C239: Hotel Atlântico Fortaleza | D239: Fortaleza | E239: Litoral de Fortaleza | F239: 140 | G239: 360 | H239: 176 | I239: 75 | J239: 0.53571429 | K239: 44 | L239: 33 | M239: 152 | N239: 398.29 | O239: 4.8 | P239: 28.1 | Q239: 1 | R239: Terça | S239: 3 | T239: 80 | U239: 0.78183148 | V239: 0.6234898 | W239: 0.97765308 | X239: 0.21022475 | Y239: 0 | Z239: 0 | AB239: 0 | AC239: 0 | AD239: 0 | AE239: 0
A240: 45006 | B240: H02 | C240: Resort Dunas do Porto | D240: Aquiraz | E240: Porto das Dunas | F240: 125 | G240: 320 | H240: 140 | I240: 56 | J240: 0.448 | K240: 35 | L240: 18 | M240: 114 | N240: 578.93 | O240: 4.8 | P240: 28.1 | Q240: 1 | R240: Terça | S240: 3 | T240: 80 | U240: 0.78183148 | V240: 0.6234898 | W240: 0.97765308 | X240: 0.21022475 | Y240: 0 | Z240: 0 | AB240: 0 | AC240: 0 | AD240: 0 | AE240: 0
A241: 45006 | B241: H03 | C241: Pousada Jericoacoara Azul | D241: Jijoca de Jericoacoara | E241: Litoral Oeste | F241: 85 | G241: 210 | H241: 108 | I241: 49 | J241: 0.57647059 | K241: 16 | L241: 17 | M241: 92 | N241: 502.36 | O241: 4.8 | P241: 28.1 | Q241: 1 | R241: Terça | S241: 3 | T241: 80 | U241: 0.78183148 | V241: 0.6234898 | W241: 0.97765308 | X241: 0.21022475 | Y241: 0 | Z241: 0 | AB241: 0 | AC241: 0 | AD241: 0 | AE241: 0
A242: 45007 | B242: H01 | C242: Hotel Atlântico Fortaleza | D242: Fortaleza | E242: Litoral de Fortaleza | F242: 140 | G242: 360 | H242: 176 | I242: 74 | J242: 0.52857143 | K242: 30 | L242: 46 | M242: 147 | N242: 458.7 | O242: 21 | P242: 28.6 | Q242: 2 | R242: Quarta | S242: 3 | T242: 81 | U242: 0.97492791 | V242: -0.22252093 | W242: 0.98112463 | X242: 0.19337647 | Y242: 0 | Z242: 0 | AB242: 0 | AC242: 0 | AD242: 0 | AE242: 0
A243: 45007 | B243: H02 | C243: Resort Dunas do Porto | D243: Aquiraz | E243: Porto das Dunas | F243: 125 | G243: 320 | H243: 148 | I243: 63 | J243: 0.504 | K243: 29 | L243: 41 | M243: 137 | N243: 621.57 | O243: 21 | P243: 28.6 | Q243: 2 | R243: Quarta | S243: 3 | T243: 81 | U243: 0.97492791 | V243: -0.22252093 | W243: 0.98112463 | X243: 0.19337647 | Y243: 0 | Z243: 0 | AB243: 0 | AC243: 0 | AD243: 0 | AE243: 0
A244: 45007 | B244: H03 | C244: Pousada Jericoacoara Azul | D244: Jijoca de Jericoacoara | E244: Litoral Oeste | F244: 85 | G244: 210 | H244: 111 | I244: 48 | J244: 0.56470588 | K244: 31 | L244: 24 | M244: 97 | N244: 511.81 | O244: 21 | P244: 28.6 | Q244: 2 | R244: Quarta | S244: 3 | T244: 81 | U244: 0.97492791 | V244: -0.22252093 | W244: 0.98112463 | X244: 0.19337647 | Y244: 0 | Z244: 0 | AB244: 0 | AC244: 0 | AD244: 0 | AE244: 0
A245: 45008 | B245: H01 | C245: Hotel Atlântico Fortaleza | D245: Fortaleza | E245: Litoral de Fortaleza | F245: 140 | G245: 360 | H245: 160 | I245: 70 | J245: 0.5 | K245: 43 | L245: 17 | M245: 142 | N245: 445.43 | O245: 14.3 | P245: 26.1 | Q245: 3 | R245: Quinta | S245: 3 | T245: 82 | U245: 0.43388374 | V245: -0.90096887 | W245: 0.98430584 | X245: 0.17647097 | Y245: 0 | Z245: 0 | AB245: 0 | AC245: 0 | AD245: 0 | AE245: 0
A246: 45008 | B246: H02 | C246: Resort Dunas do Porto | D246: Aquiraz | E246: Porto das Dunas | F246: 125 | G246: 320 | H246: 125 | I246: 55 | J246: 0.44 | K246: 25 | L246: 25 | M246: 101 | N246: 658.69 | O246: 14.3 | P246: 26.1 | Q246: 3 | R246: Quinta | S246: 3 | T246: 82 | U246: 0.43388374 | V246: -0.90096887 | W246: 0.98430584 | X246: 0.17647097 | Y246: 0 | Z246: 0 | AB246: 0 | AC246: 0 | AD246: 0 | AE246: 0
A247: 45008 | B247: H03 | C247: Pousada Jericoacoara Azul | D247: Jijoca de Jericoacoara | E247: Litoral Oeste | F247: 85 | G247: 210 | H247: 100 | I247: 44 | J247: 0.51764706 | K247: 16 | L247: 17 | M247: 85 | N247: 499.22 | O247: 14.3 | P247: 26.1 | Q247: 3 | R247: Quinta | S247: 3 | T247: 82 | U247: 0.43388374 | V247: -0.90096887 | W247: 0.98430584 | X247: 0.17647097 | Y247: 0 | Z247: 0 | AB247: 0 | AC247: 0 | AD247: 0 | AE247: 0
... A250: 45009 | B250: H03 | C250: Pousada Jericoacoara Azul | D250: Jijoca de Jericoacoara | E250: Litoral Oeste | F250: 85 | G250: 210 | H250: 109 | I250: 51 | J250: 0.6 | K250: 14 | L250: 27 | M250: 99 | N250: 548.14 | O250: 15.6 | P250: 28 | Q250: 4 | R250: Sexta | S250: 3 | T250: 83 | U250: -0.43388374 | V250: -0.90096887 | W250: 0.98719579 | X250: 0.15951325 | Y250: 0 | Z250: 0 | AB250: 0 | AC250: 0 | AD250: 0 | AE250: 0
A251: 45010 | B251: H01 | C251: Hotel Atlântico Fortaleza | D251: Fortaleza | E251: Litoral de Fortaleza | F251: 140 | G251: 360 | H251: 226 | I251: 96 | J251: 0.68571429 | K251: 39 | L251: 33 | M251: 209 | N251: 497.39 | O251: 2.1 | P251: 27.3 | Q251: 5 | R251: Sábado | S251: 3 | T251: 84 | U251: -0.97492791 | V251: -0.22252093 | W251: 0.9897936 | X251: 0.14250833 | Y251: 1 | Z251: 1 | AA251: Data Magna do Ceará | AB251: 0 | AC251: 0 | AD251: 0 | AE251: 0
A252: 45010 | B252: H02 | C252: Resort Dunas do Porto | D252: Aquiraz | E252: Porto das Dunas | F252: 125 | G252: 320 | H252: 196 | I252: 82 | J252: 0.656 | K252: 49 | L252: 29 | M252: 179 | N252: 648.2 | O252: 2.1 | P252: 27.3 | Q252: 5 | R252: Sábado | S252: 3 | T252: 84 | U252: -0.97492791 | V252: -0.22252093 | W252: 0.9897936 | X252: 0.14250833 | Y252: 1 | Z252: 1 | AA252: Data Magna do Ceará | AB252: 0 | AC252: 0 | AD252: 0 | AE252: 0
A253: 45010 | B253: H03 | C253: Pousada Jericoacoara Azul | D253: Jijoca de Jericoacoara | E253: Litoral Oeste | F253: 85 | G253: 210 | H253: 148 | I253: 69 | J253: 0.81176471 | K253: 37 | L253: 19 | M253: 135 | N253: 618.73 | O253: 2.1 | P253: 27.3 | Q253: 5 | R253: Sábado | S253: 3 | T253: 84 | U253: -0.97492791 | V253: -0.22252093 | W253: 0.9897936 | X253: 0.14250833 | Y253: 1 | Z253: 1 | AA253: Data Magna do Ceará | AB253: 0 | AC253: 0 | AD253: 0 | AE253: 0
A254: 45011 | B254: H01 | C254: Hotel Atlântico Fortaleza | D254: Fortaleza | E254: Litoral de Fortaleza | F254: 140 | G254: 360 | H254: 203 | I254: 87 | J254: 0.62142857 | K254: 26 | L254: 48 | M254: 167 | N254: 458.67 | O254: 6.9 | P254: 27.9 | Q254: 6 | R254: Domingo | S254: 3 | T254: 85 | U254: -0.78183148 | V254: 0.6234898 | W254: 0.99209852 | X254: 0.12546123 | Y254: 1 | Z254: 0 | AB254: 0 | AC254: 0 | AD254: 0 | AE254: 0
A255: 45011 | B255: H02 | C255: Resort Dunas do Porto | D255: Aquiraz | E255: Porto das Dunas | F255: 125 | G255: 320 | H255: 180 | I255: 73 | J255: 0.584 | K255: 26 | L255: 40 | M255: 147 | N255: 674.98 | O255: 6.9 | P255: 27.9 | Q255: 6 | R255: Domingo | S255: 3 | T255: 85 | U255: -0.78183148 | V255: 0.6234898 | W255: 0.99209852 | X255: 0.12546123 | Y255: 1 | Z255: 0 | AB255: 0 | AC255: 0 | AD255: 0 | AE255: 0
A256: 45011 | B256: H03 | C256: Pousada Jericoacoara Azul | D256: Jijoca de Jericoacoara | E256: Litoral Oeste | F256: 85 | G256: 210 | H256: 138 | I256: 61 | J256: 0.71764706 | K256: 20 | L256: 23 | M256: 120 | N256: 589.59 | O256: 6.9 | P256: 27.9 | Q256: 6 | R256: Domingo | S256: 3 | T256: 85 | U256: -0.78183148 | V256: 0.6234898 | W256: 0.99209852 | X256: 0.12546123 | Y256: 1 | Z256: 0 | AB256: 0 | AC256: 0 | AD256: 0 | AE256: 0
A257: 45012 | B257: H01 | C257: Hotel Atlântico Fortaleza | D257: Fortaleza | E257: Litoral de Fortaleza | F257: 140 | G257: 360 | H257: 192 | I257: 82 | J257: 0.58571429 | K257: 35 | L257: 45 | M257: 177 | N257: 413.48 | O257: 12.1 | P257: 26.6 | Q257: 0 | R257: Segunda | S257: 3 | T257: 86 | U257: 0 | V257: 1 | W257: 0.99410986 | X257: 0.10837701 | Y257: 0 | Z257: 0 | AB257: 0 | AC257: 0 | AD257: 0 | AE257: 0
A258: 45012 | B258: H02 | C258: Resort Dunas do Porto | D258: Aquiraz | E258: Porto das Dunas | F258: 125 | G258: 320 | H258: 171 | I258: 70 | J258: 0.56 | K258: 41 | L258: 33 | M258: 151 | N258: 645.91 | O258: 12.1 | P258: 26.6 | Q258: 0 | R258: Segunda | S258: 3 | T258: 86 | U258: 0 | V258: 1 | W258: 0.99410986 | X258: 0.10837701 | Y258: 0 | Z258: 0 | AB258: 0 | AC258: 0 | AD258: 0 | AE258: 0
A259: 45012 | B259: H03 | C259: Pousada Jericoacoara Azul | D259: Jijoca de Jericoacoara | E259: Litoral Oeste | F259: 85 | G259: 210 | H259: 103 | I259: 47 | J259: 0.55294118 | K259: 23 | L259: 24 | M259: 92 | N259: 547.45 | O259: 12.1 | P259: 26.6 | Q259: 0 | R259: Segunda | S259: 3 | T259: 86 | U259: 0 | V259: 1 | W259: 0.99410986 | X259: 0.10837701 | Y259: 0 | Z259: 0 | AB259: 0 | AC259: 0 | AD259: 0 | AE259: 0
A260: 45013 | B260: H01 | C260: Hotel Atlântico Fortaleza | D260: Fortaleza | E260: Litoral de Fortaleza | F260: 140 | G260: 360 | H260: 176 | I260: 73 | J260: 0.52142857 | K260: 21 | L260: 44 | M260: 165 | N260: 389.66 | O260: 5.4 | P260: 26.5 | Q260: 1 | R260: Terça | S260: 3 | T260: 87 | U260: 0.78183148 | V260: 0.6234898 | W260: 0.99582703 | X260: 0.091260722 | Y260: 0 | Z260: 0 | AB260: 0 | AC260: 0 | AD260: 0 | AE260: 0
A261: 45013 | B261: H02 | C261: Resort Dunas do Porto | D261: Aquiraz | E261: Porto das Dunas | F261: 125 | G261: 320 | H261: 171 | I261: 70 | J261: 0.56 | K261: 40 | L261: 35 | M261: 152 | N261: 659.51 | O261: 5.4 | P261: 26.5 | Q261: 1 | R261: Terça | S261: 3 | T261: 87 | U261: 0.78183148 | V261: 0.6234898 | W261: 0.99582703 | X261: 0.091260722 | Y261: 0 | Z261: 0 | AB261: 0 | AC261: 0 | AD261: 0 | AE261: 0
A262: 45013 | B262: H03 | C262: Pousada Jericoacoara Azul | D262: Jijoca de Jericoacoara | E262: Litoral Oeste | F262: 85 | G262: 210 | H262: 114 | I262: 52 | J262: 0.61176471 | K262: 27 | L262: 20 | M262: 105 | N262: 500.98 | O262: 5.4 | P262: 26.5 | Q262: 1 | R262: Terça | S262: 3 | T262: 87 | U262: 0.78183148 | V262: 0.6234898 | W262: 0.99582703 | X262: 0.091260722 | Y262: 0 | Z262: 0 | AB262: 0 | AC262: 0 | AD262: 0 | AE262: 0
A263: 45014 | B263: H01 | C263: Hotel Atlântico Fortaleza | D263: Fortaleza | E263: Litoral de Fortaleza | F263: 140 | G263: 360 | H263: 172 | I263: 74 | J263: 0.52857143 | K263: 32 | L263: 45 | M263: 138 | N263: 438.78 | O263: 10.6 | P263: 28.8 | Q263: 2 | R263: Quarta | S263: 3 | T263: 88 | U263: 0.97492791 | V263: -0.22252093 | W263: 0.99724952 | X263: 0.074117425 | Y263: 0 | Z263: 0 | AB263: 0 | AC263: 0 | AD263: 0 | AE263: 0
A264: 45014 | B264: H02 | C264: Resort Dunas do Porto | D264: Aquiraz | E264: Porto das Dunas | F264: 125 | G264: 320 | H264: 144 | I264: 61 | J264: 0.488 | K264: 38 | L264: 27 | M264: 116 | N264: 599.74 | O264: 10.6 | P264: 28.8 | Q264: 2 | R264: Quarta | S264: 3 | T264: 88 | U264: 0.97492791 | V264: -0.22252093 | W264: 0.99724952 | X264: 0.074117425 | Y264: 0 | Z264: 0 | AB264: 0 | AC264: 0 | AD264: 0 | AE264: 0
A265: 45014 | B265: H03 | C265: Pousada Jericoacoara Azul | D265: Jijoca de Jericoacoara | E265: Litoral Oeste | F265: 85 | G265: 210 | H265: 122 | I265: 50 | J265: 0.58823529 | K265: 32 | L265: 29 | M265: 106 | N265: 519.46 | O265: 10.6 | P265: 28.8 | Q265: 2 | R265: Quarta | S265: 3 | T265: 88 | U265: 0.97492791 | V265: -0.22252093 | W265: 0.99724952 | X265: 0.074117425 | Y265: 0 | Z265: 0 | AB265: 0 | AC265: 0 | AD265: 0 | AE265: 0
... A331: 45036 | B331: H03 | C331: Pousada Jericoacoara Azul | D331: Jijoca de Jericoacoara | E331: Litoral Oeste | F331: 85 | G331: 210 | H331: 102 | I331: 45 | J331: 0.52941176 | K331: 23 | L331: 21 | M331: 93 | N331: 487.24 | O331: 23.5 | P331: 26.6 | Q331: 3 | R331: Quinta | S331: 4 | T331: 110 | U331: 0.43388374 | V331: -0.90096887 | W331: 0.95406655 | X331: -0.29959476 | Y331: 0 | Z331: 0 | AB331: 0 | AC331: 0 | AD331: 0 | AE331: 0
A332: 45037 | B332: H01 | C332: Hotel Atlântico Fortaleza | D332: Fortaleza | E332: Litoral de Fortaleza | F332: 140 | G332: 360 | H332: 206 | I332: 85 | J332: 0.60714286 | K332: 42 | L332: 44 | M332: 183 | N332: 440.6 | O332: 5 | P332: 28 | Q332: 4 | R332: Sexta | S332: 4 | T332: 111 | U332: -0.43388374 | V332: -0.90096887 | W332: 0.94877189 | X332: -0.31596188 | Y332: 0 | Z332: 1 | AA332: Tiradentes | AB332: 0 | AC332: 0 | AD332: 0 | AE332: 0
A333: 45037 | B333: H02 | C333: Resort Dunas do Porto | D333: Aquiraz | E333: Porto das Dunas | F333: 125 | G333: 320 | H333: 186 | I333: 76 | J333: 0.608 | K333: 34 | L333: 22 | M333: 174 | N333: 585.75 | O333: 5 | P333: 28 | Q333: 4 | R333: Sexta | S333: 4 | T333: 111 | U333: -0.43388374 | V333: -0.90096887 | W333: 0.94877189 | X333: -0.31596188 | Y333: 0 | Z333: 1 | AA333: Tiradentes | AB333: 0 | AC333: 0 | AD333: 0 | AE333: 0
A334: 45037 | B334: H03 | C334: Pousada Jericoacoara Azul | D334: Jijoca de Jericoacoara | E334: Litoral Oeste | F334: 85 | G334: 210 | H334: 119 | I334: 54 | J334: 0.63529412 | K334: 21 | L334: 19 | M334: 96 | N334: 550.65 | O334: 5 | P334: 28 | Q334: 4 | R334: Sexta | S334: 4 | T334: 111 | U334: -0.43388374 | V334: -0.90096887 | W334: 0.94877189 | X334: -0.31596188 | Y334: 0 | Z334: 1 | AA334: Tiradentes | AB334: 0 | AC334: 0 | AD334: 0 | AE334: 0
A335: 45038 | B335: H01 | C335: Hotel Atlântico Fortaleza | D335: Fortaleza | E335: Litoral de Fortaleza | F335: 140 | G335: 360 | H335: 194 | I335: 83 | J335: 0.59285714 | K335: 49 | L335: 43 | M335: 160 | N335: 465.46 | O335: 10.5 | P335: 27.3 | Q335: 5 | R335: Sábado | S335: 4 | T335: 112 | U335: -0.97492791 | V335: -0.22252093 | W335: 0.94319647 | X335: -0.3322355 | Y335: 1 | Z335: 0 | AB335: 0 | AC335: 0 | AD335: 0 | AE335: 0
A336: 45038 | B336: H02 | C336: Resort Dunas do Porto | D336: Aquiraz | E336: Porto das Dunas | F336: 125 | G336: 320 | H336: 182 | I336: 78 | J336: 0.624 | K336: 46 | L336: 16 | M336: 154 | N336: 726.14 | O336: 10.5 | P336: 27.3 | Q336: 5 | R336: Sábado | S336: 4 | T336: 112 | U336: -0.97492791 | V336: -0.22252093 | W336: 0.94319647 | X336: -0.3322355 | Y336: 1 | Z336: 0 | AB336: 0 | AC336: 0 | AD336: 0 | AE336: 0
A337: 45038 | B337: H03 | C337: Pousada Jericoacoara Azul | D337: Jijoca de Jericoacoara | E337: Litoral Oeste | F337: 85 | G337: 210 | H337: 127 | I337: 57 | J337: 0.67058824 | K337: 25 | L337: 12 | M337: 111 | N337: 560.98 | O337: 10.5 | P337: 27.3 | Q337: 5 | R337: Sábado | S337: 4 | T337: 112 | U337: -0.97492791 | V337: -0.22252093 | W337: 0.94319647 | X337: -0.3322355 | Y337: 1 | Z337: 0 | AB337: 0 | AC337: 0 | AD337: 0 | AE337: 0
A338: 45039 | B338: H01 | C338: Hotel Atlântico Fortaleza | D338: Fortaleza | E338: Litoral de Fortaleza | F338: 140 | G338: 360 | H338: 205 | I338: 85 | J338: 0.60714286 | K338: 28 | L338: 50 | M338: 192 | N338: 494.13 | O338: 6 | P338: 28.2 | Q338: 6 | R338: Domingo | S338: 4 | T338: 113 | U338: -0.78183148 | V338: 0.6234898 | W338: 0.93734194 | X338: -0.34841081 | Y338: 1 | Z338: 0 | AB338: 0 | AC338: 0 | AD338: 0 | AE338: 0
A339: 45039 | B339: H02 | C339: Resort Dunas do Porto | D339: Aquiraz | E339: Porto das Dunas | F339: 125 | G339: 320 | H339: 176 | I339: 74 | J339: 0.592 | K339: 32 | L339: 47 | M339: 165 | N339: 637.85 | O339: 6 | P339: 28.2 | Q339: 6 | R339: Domingo | S339: 4 | T339: 113 | U339: -0.78183148 | V339: 0.6234898 | W339: 0.93734194 | X339: -0.34841081 | Y339: 1 | Z339: 0 | AB339: 0 | AC339: 0 | AD339: 0 | AE339: 0
A340: 45039 | B340: H03 | C340: Pousada Jericoacoara Azul | D340: Jijoca de Jericoacoara | E340: Litoral Oeste | F340: 85 | G340: 210 | H340: 128 | I340: 55 | J340: 0.64705882 | K340: 28 | L340: 16 | M340: 112 | N340: 648.94 | O340: 6 | P340: 28.2 | Q340: 6 | R340: Domingo | S340: 4 | T340: 113 | U340: -0.78183148 | V340: 0.6234898 | W340: 0.93734194 | X340: -0.34841081 | Y340: 1 | Z340: 0 | AB340: 0 | AC340: 0 | AD340: 0 | AE340: 0
A341: 45040 | B341: H01 | C341: Hotel Atlântico Fortaleza | D341: Fortaleza | E341: Litoral de Fortaleza | F341: 140 | G341: 360 | H341: 158 | I341: 67 | J341: 0.47857143 | K341: 24 | L341: 32 | M341: 135 | N341: 435.36 | O341: 15.3 | P341: 25.4 | Q341: 0 | R341: Segunda | S341: 4 | T341: 114 | U341: 0 | V341: 1 | W341: 0.93121004 | X341: -0.36448301 | Y341: 0 | Z341: 0 | AB341: 0 | AC341: 0 | AD341: 0 | AE341: 0
A342: 45040 | B342: H02 | C342: Resort Dunas do Porto | D342: Aquiraz | E342: Porto das Dunas | F342: 125 | G342: 320 | H342: 154 | I342: 63 | J342: 0.504 | K342: 30 | L342: 24 | M342: 134 | N342: 639.71 | O342: 15.3 | P342: 25.4 | Q342: 0 | R342: Segunda | S342: 4 | T342: 114 | U342: 0 | V342: 1 | W342: 0.93121004 | X342: -0.36448301 | Y342: 0 | Z342: 0 | AB342: 0 | AC342: 0 | AD342: 0 | AE342: 0
A343: 45040 | B343: H03 | C343: Pousada Jericoacoara Azul | D343: Jijoca de Jericoacoara | E343: Litoral Oeste | F343: 85 | G343: 210 | H343: 115 | I343: 46 | J343: 0.54117647 | K343: 15 | L343: 32 | M343: 97 | N343: 564.63 | O343: 15.3 | P343: 25.4 | Q343: 0 | R343: Segunda | S343: 4 | T343: 114 | U343: 0 | V343: 1 | W343: 0.93121004 | X343: -0.36448301 | Y343: 0 | Z343: 0 | AB343: 0 | AC343: 0 | AD343: 0 | AE343: 0
A344: 45041 | B344: H01 | C344: Hotel Atlântico Fortaleza | D344: Fortaleza | E344: Litoral de Fortaleza | F344: 140 | G344: 360 | H344: 171 | I344: 74 | J344: 0.52857143 | K344: 19 | L344: 28 | M344: 155 | N344: 461.99 | O344: 14.8 | P344: 25.7 | Q344: 1 | R344: Terça | S344: 4 | T344: 115 | U344: 0.78183148 | V344: 0.6234898 | W344: 0.92480257 | X344: -0.38044737 | Y344: 0 | Z344: 0 | AB344: 0 | AC344: 0 | AD344: 0 | AE344: 0
A345: 45041 | B345: H02 | C345: Resort Dunas do Porto | D345: Aquiraz | E345: Porto das Dunas | F345: 125 | G345: 320 | H345: 145 | I345: 60 | J345: 0.48 | K345: 42 | L345: 27 | M345: 135 | N345: 672.41 | O345: 14.8 | P345: 25.7 | Q345: 1 | R345: Terça | S345: 4 | T345: 115 | U345: 0.78183148 | V345: 0.6234898 | W345: 0.92480257 | X345: -0.38044737 | Y345: 0 | Z345: 0 | AB345: 0 | AC345: 0 | AD345: 0 | AE345: 0
A346: 45041 | B346: H03 | C346: Pousada Jericoacoara Azul | D346: Jijoca de Jericoacoara | E346: Litoral Oeste | F346: 85 | G346: 210 | H346: 121 | I346: 54 | J346: 0.63529412 | K346: 22 | L346: 21 | M346: 107 | N346: 580.42 | O346: 14.8 | P346: 25.7 | Q346: 1 | R346: Terça | S346: 4 | T346: 115 | U346: 0.78183148 | V346: 0.6234898 | W346: 0.92480257 | X346: -0.38044737 | Y346: 0 | Z346: 0 | AB346: 0 | AC346: 0 | AD346: 0 | AE346: 0
... A361: 45046 | B361: H03 | C361: Pousada Jericoacoara Azul | D361: Jijoca de Jericoacoara | E361: Litoral Oeste | F361: 85 | G361: 210 | H361: 126 | I361: 58 | J361: 0.68235294 | K361: 27 | L361: 27 | M361: 115 | N361: 602.12 | O361: 14 | P361: 26.4 | Q361: 6 | R361: Domingo | S361: 4 | T361: 120 | U361: -0.78183148 | V361: 0.6234898 | W361: 0.88870105 | X361: -0.45848713 | Y361: 1 | Z361: 0 | AB361: 0 | AC361: 0 | AD361: 0 | AE361: 0
A362: 45047 | B362: H01 | C362: Hotel Atlântico Fortaleza | D362: Fortaleza | E362: Litoral de Fortaleza | F362: 140 | G362: 360 | H362: 196 | I362: 83 | J362: 0.59285714 | K362: 38 | L362: 52 | M362: 165 | N362: 388.35 | O362: 9.6 | P362: 29.3 | Q362: 0 | R362: Segunda | S362: 5 | T362: 121 | U362: 0 | V362: 1 | W362: 0.88068286 | X362: -0.47370635 | Y362: 0 | Z362: 1 | AA362: Dia do Trabalho | AB362: 0 | AC362: 0 | AD362: 0 | AE362: 0
A363: 45047 | B363: H02 | C363: Resort Dunas do Porto | D363: Aquiraz | E363: Porto das Dunas | F363: 125 | G363: 320 | H363: 152 | I363: 65 | J363: 0.52 | K363: 29 | L363: 22 | M363: 131 | N363: 573.91 | O363: 9.6 | P363: 29.3 | Q363: 0 | R363: Segunda | S363: 5 | T363: 121 | U363: 0 | V363: 1 | W363: 0.88068286 | X363: -0.47370635 | Y363: 0 | Z363: 1 | AA363: Dia do Trabalho | AB363: 0 | AC363: 0 | AD363: 0 | AE363: 0
A364: 45047 | B364: H03 | C364: Pousada Jericoacoara Azul | D364: Jijoca de Jericoacoara | E364: Litoral Oeste | F364: 85 | G364: 210 | H364: 125 | I364: 57 | J364: 0.67058824 | K364: 22 | L364: 28 | M364: 115 | N364: 509.98 | O364: 9.6 | P364: 29.3 | Q364: 0 | R364: Segunda | S364: 5 | T364: 121 | U364: 0 | V364: 1 | W364: 0.88068286 | X364: -0.47370635 | Y364: 0 | Z364: 1 | AA364: Dia do Trabalho | AB364: 0 | AC364: 0 | AD364: 0 | AE364: 0
A365: 45048 | B365: H01 | C365: Hotel Atlântico Fortaleza | D365: Fortaleza | E365: Litoral de Fortaleza | F365: 140 | G365: 360 | H365: 175 | I365: 73 | J365: 0.52142857 | K365: 45 | L365: 26 | M365: 145 | N365: 416.73 | O365: 3.8 | P365: 28.5 | Q365: 1 | R365: Terça | S365: 5 | T365: 122 | U365: 0.78183148 | V365: 0.6234898 | W365: 0.87240406 | X365: -0.48878539 | Y365: 0 | Z365: 0 | AB365: 0 | AC365: 0 | AD365: 0 | AE365: 0
A366: 45048 | B366: H02 | C366: Resort Dunas do Porto | D366: Aquiraz | E366: Porto das Dunas | F366: 125 | G366: 320 | H366: 154 | I366: 62 | J366: 0.496 | K366: 21 | L366: 22 | M366: 134 | N366: 622.72 | O366: 3.8 | P366: 28.5 | Q366: 1 | R366: Terça | S366: 5 | T366: 122 | U366: 0.78183148 | V366: 0.6234898 | W366: 0.87240406 | X366: -0.48878539 | Y366: 0 | Z366: 0 | AB366: 0 | AC366: 0 | AD366: 0 | AE366: 0
A367: 45048 | B367: H03 | C367: Pousada Jericoacoara Azul | D367: Jijoca de Jericoacoara | E367: Litoral Oeste | F367: 85 | G367: 210 | H367: 111 | I367: 51 | J367: 0.6 | K367: 15 | L367: 16 | M367: 97 | N367: 508.39 | O367: 3.8 | P367: 28.5 | Q367: 1 | R367: Terça | S367: 5 | T367: 122 | U367: 0.78183148 | V367: 0.6234898 | W367: 0.87240406 | X367: -0.48878539 | Y367: 0 | Z367: 0 | AB367: 0 | AC367: 0 | AD367: 0 | AE367: 0
A368: 45049 | B368: H01 | C368: Hotel Atlântico Fortaleza | D368: Fortaleza | E368: Litoral de Fortaleza | F368: 140 | G368: 360 | H368: 155 | I368: 66 | J368: 0.47142857 | K368: 28 | L368: 35 | M368: 129 | N368: 403.65 | O368: 26.9 | P368: 27.9 | Q368: 2 | R368: Quarta | S368: 5 | T368: 123 | U368: 0.97492791 | V368: -0.22252093 | W368: 0.8638671 | X368: -0.5037198 | Y368: 0 | Z368: 0 | AB368: 0 | AC368: 0 | AD368: 0 | AE368: 0
A369: 45049 | B369: H02 | C369: Resort Dunas do Porto | D369: Aquiraz | E369: Porto das Dunas | F369: 125 | G369: 320 | H369: 154 | I369: 62 | J369: 0.496 | K369: 21 | L369: 18 | M369: 137 | N369: 642.03 | O369: 26.9 | P369: 27.9 | Q369: 2 | R369: Quarta | S369: 5 | T369: 123 | U369: 0.97492791 | V369: -0.22252093 | W369: 0.8638671 | X369: -0.5037198 | Y369: 0 | Z369: 0 | AB369: 0 | AC369: 0 | AD369: 0 | AE369: 0
A370: 45049 | B370: H03 | C370: Pousada Jericoacoara Azul | D370: Jijoca de Jericoacoara | E370: Litoral Oeste | F370: 85 | G370: 210 | H370: 112 | I370: 47 | J370: 0.55294118 | K370: 14 | L370: 30 | M370: 101 | N370: 510.8 | O370: 26.9 | P370: 27.9 | Q370: 2 | R370: Quarta | S370: 5 | T370: 123 | U370: 0.97492791 | V370: -0.22252093 | W370: 0.8638671 | X370: -0.5037198 | Y370: 0 | Z370: 0 | AB370: 0 | AC370: 0 | AD370: 0 | AE370: 0
A371: 45050 | B371: H01 | C371: Hotel Atlântico Fortaleza | D371: Fortaleza | E371: Litoral de Fortaleza | F371: 140 | G371: 360 | H371: 159 | I371: 67 | J371: 0.47857143 | K371: 37 | L371: 19 | M371: 146 | N371: 457.95 | O371: 11.5 | P371: 27.5 | Q371: 3 | R371: Quinta | S371: 5 | T371: 124 | U371: 0.43388374 | V371: -0.90096887 | W371: 0.85507451 | X371: -0.51850514 | Y371: 0 | Z371: 0 | AB371: 0 | AC371: 0 | AD371: 0 | AE371: 0
A372: 45050 | B372: H02 | C372: Resort Dunas do Porto | D372: Aquiraz | E372: Porto das Dunas | F372: 125 | G372: 320 | H372: 148 | I372: 61 | J372: 0.488 | K372: 22 | L372: 29 | M372: 119 | N372: 664.02 | O372: 11.5 | P372: 27.5 | Q372: 3 | R372: Quinta | S372: 5 | T372: 124 | U372: 0.43388374 | V372: -0.90096887 | W372: 0.85507451 | X372: -0.51850514 | Y372: 0 | Z372: 0 | AB372: 0 | AC372: 0 | AD372: 0 | AE372: 0
A373: 45050 | B373: H03 | C373: Pousada Jericoacoara Azul | D373: Jijoca de Jericoacoara | E373: Litoral Oeste | F373: 85 | G373: 210 | H373: 121 | I373: 52 | J373: 0.61176471 | K373: 21 | L373: 22 | M373: 100 | N373: 555.35 | O373: 11.5 | P373: 27.5 | Q373: 3 | R373: Quinta | S373: 5 | T373: 124 | U373: 0.43388374 | V373: -0.90096887 | W373: 0.85507451 | X373: -0.51850514 | Y373: 0 | Z373: 0 | AB373: 0 | AC373: 0 | AD373: 0 | AE373: 0
A374: 45051 | B374: H01 | C374: Hotel Atlântico Fortaleza | D374: Fortaleza | E374: Litoral de Fortaleza | F374: 140 | G374: 360 | H374: 189 | I374: 83 | J374: 0.59285714 | K374: 22 | L374: 41 | M374: 163 | N374: 423.12 | O374: 13.1 | P374: 27.1 | Q374: 4 | R374: Sexta | S374: 5 | T374: 125 | U374: -0.43388374 | V374: -0.90096887 | W374: 0.84602889 | X374: -0.53313706 | Y374: 0 | Z374: 0 | AB374: 0 | AC374: 0 | AD374: 0 | AE374: 0
A375: 45051 | B375: H02 | C375: Resort Dunas do Porto | D375: Aquiraz | E375: Porto das Dunas | F375: 125 | G375: 320 | H375: 165 | I375: 70 | J375: 0.56 | K375: 26 | L375: 16 | M375: 148 | N375: 652.1 | O375: 13.1 | P375: 27.1 | Q375: 4 | R375: Sexta | S375: 5 | T375: 125 | U375: -0.43388374 | V375: -0.90096887 | W375: 0.84602889 | X375: -0.53313706 | Y375: 0 | Z375: 0 | AB375: 0 | AC375: 0 | AD375: 0 | AE375: 0
A376: 45051 | B376: H03 | C376: Pousada Jericoacoara Azul | D376: Jijoca de Jericoacoara | E376: Litoral Oeste | F376: 85 | G376: 210 | H376: 103 | I376: 46 | J376: 0.54117647 | K376: 25 | L376: 28 | M376: 97 | N376: 519.85 | O376: 13.1 | P376: 27.1 | Q376: 4 | R376: Sexta | S376: 5 | T376: 125 | U376: -0.43388374 | V376: -0.90096887 | W376: 0.84602889 | X376: -0.53313706 | Y376: 0 | Z376: 0 | AB376: 0 | AC376: 0 | AD376: 0 | AE376: 0
... A748: 45175 | B748: H03 | C748: Pousada Jericoacoara Azul | D748: Jijoca de Jericoacoara | E748: Litoral Oeste | F748: 85 | G748: 210 | H748: 109 | I748: 49 | J748: 0.57647059 | K748: 33 | L748: 32 | M748: 88 | N748: 576.38 | O748: 0 | P748: 28.3 | Q748: 2 | R748: Quarta | S748: 9 | T748: 249 | U748: 0.97492791 | V748: -0.22252093 | W748: -0.9020987 | X748: -0.43152976 | Y748: 0 | Z748: 0 | AB748: 0 | AC748: 0 | AD748: 0 | AE748: 0
A749: 45176 | B749: H01 | C749: Hotel Atlântico Fortaleza | D749: Fortaleza | E749: Litoral de Fortaleza | F749: 140 | G749: 360 | H749: 208 | I749: 88 | J749: 0.62857143 | K749: 48 | L749: 38 | M749: 195 | N749: 440.62 | O749: 0 | P749: 28.8 | Q749: 3 | R749: Quinta | S749: 9 | T749: 250 | U749: 0.43388374 | V749: -0.90096887 | W749: -0.90938822 | X749: -0.41594839 | Y749: 0 | Z749: 1 | AA749: Independência do Brasil | AB749: 0 | AC749: 0 | AD749: 0 | AE749: 0
A750: 45176 | B750: H02 | C750: Resort Dunas do Porto | D750: Aquiraz | E750: Porto das Dunas | F750: 125 | G750: 320 | H750: 180 | I750: 76 | J750: 0.608 | K750: 31 | L750: 28 | M750: 166 | N750: 613.93 | O750: 0 | P750: 28.8 | Q750: 3 | R750: Quinta | S750: 9 | T750: 250 | U750: 0.43388374 | V750: -0.90096887 | W750: -0.90938822 | X750: -0.41594839 | Y750: 0 | Z750: 1 | AA750: Independência do Brasil | AB750: 0 | AC750: 0 | AD750: 0 | AE750: 0
A751: 45176 | B751: H03 | C751: Pousada Jericoacoara Azul | D751: Jijoca de Jericoacoara | E751: Litoral Oeste | F751: 85 | G751: 210 | H751: 120 | I751: 54 | J751: 0.63529412 | K751: 31 | L751: 33 | M751: 106 | N751: 502.61 | O751: 0 | P751: 28.8 | Q751: 3 | R751: Quinta | S751: 9 | T751: 250 | U751: 0.43388374 | V751: -0.90096887 | W751: -0.90938822 | X751: -0.41594839 | Y751: 0 | Z751: 1 | AA751: Independência do Brasil | AB751: 0 | AC751: 0 | AD751: 0 | AE751: 0
A752: 45177 | B752: H01 | C752: Hotel Atlântico Fortaleza | D752: Fortaleza | E752: Litoral de Fortaleza | F752: 140 | G752: 360 | H752: 175 | I752: 75 | J752: 0.53571429 | K752: 20 | L752: 25 | M752: 158 | N752: 393.76 | O752: 0 | P752: 29.4 | Q752: 4 | R752: Sexta | S752: 9 | T752: 251 | U752: -0.43388374 | V752: -0.90096887 | W752: -0.91640864 | X752: -0.40024394 | Y752: 0 | Z752: 0 | AB752: 0 | AC752: 0 | AD752: 0 | AE752: 0
A753: 45177 | B753: H02 | C753: Resort Dunas do Porto | D753: Aquiraz | E753: Porto das Dunas | F753: 125 | G753: 320 | H753: 154 | I753: 64 | J753: 0.512 | K753: 31 | L753: 38 | M753: 134 | N753: 590.75 | O753: 0 | P753: 29.4 | Q753: 4 | R753: Sexta | S753: 9 | T753: 251 | U753: -0.43388374 | V753: -0.90096887 | W753: -0.91640864 | X753: -0.40024394 | Y753: 0 | Z753: 0 | AB753: 0 | AC753: 0 | AD753: 0 | AE753: 0
A754: 45177 | B754: H03 | C754: Pousada Jericoacoara Azul | D754: Jijoca de Jericoacoara | E754: Litoral Oeste | F754: 85 | G754: 210 | H754: 95 | I754: 45 | J754: 0.52941176 | K754: 16 | L754: 28 | M754: 82 | N754: 576.57 | O754: 0 | P754: 29.4 | Q754: 4 | R754: Sexta | S754: 9 | T754: 251 | U754: -0.43388374 | V754: -0.90096887 | W754: -0.91640864 | X754: -0.40024394 | Y754: 0 | Z754: 0 | AB754: 0 | AC754: 0 | AD754: 0 | AE754: 0
A755: 45178 | B755: H01 | C755: Hotel Atlântico Fortaleza | D755: Fortaleza | E755: Litoral de Fortaleza | F755: 140 | G755: 360 | H755: 207 | I755: 89 | J755: 0.63571429 | K755: 42 | L755: 35 | M755: 179 | N755: 506.32 | O755: 1.8 | P755: 28.5 | Q755: 5 | R755: Sábado | S755: 9 | T755: 252 | U755: -0.97492791 | V755: -0.22252093 | W755: -0.92315787 | X755: -0.38442105 | Y755: 1 | Z755: 0 | AB755: 0 | AC755: 0 | AD755: 0 | AE755: 0
A756: 45178 | B756: H02 | C756: Resort Dunas do Porto | D756: Aquiraz | E756: Porto das Dunas | F756: 125 | G756: 320 | H756: 175 | I756: 73 | J756: 0.584 | K756: 24 | L756: 41 | M756: 146 | N756: 739.28 | O756: 1.8 | P756: 28.5 | Q756: 5 | R756: Sábado | S756: 9 | T756: 252 | U756: -0.97492791 | V756: -0.22252093 | W756: -0.92315787 | X756: -0.38442105 | Y756: 1 | Z756: 0 | AB756: 0 | AC756: 0 | AD756: 0 | AE756: 0
A757: 45178 | B757: H03 | C757: Pousada Jericoacoara Azul | D757: Jijoca de Jericoacoara | E757: Litoral Oeste | F757: 85 | G757: 210 | H757: 145 | I757: 65 | J757: 0.76470588 | K757: 27 | L757: 28 | M757: 128 | N757: 583.75 | O757: 1.8 | P757: 28.5 | Q757: 5 | R757: Sábado | S757: 9 | T757: 252 | U757: -0.97492791 | V757: -0.22252093 | W757: -0.92315787 | X757: -0.38442105 | Y757: 1 | Z757: 0 | AB757: 0 | AC757: 0 | AD757: 0 | AE757: 0
A758: 45179 | B758: H01 | C758: Hotel Atlântico Fortaleza | D758: Fortaleza | E758: Litoral de Fortaleza | F758: 140 | G758: 360 | H758: 194 | I758: 83 | J758: 0.59285714 | K758: 50 | L758: 20 | M758: 174 | N758: 465.7 | O758: 0 | P758: 29.1 | Q758: 6 | R758: Domingo | S758: 9 | T758: 253 | U758: -0.78183148 | V758: 0.6234898 | W758: -0.92963393 | X758: -0.3684844 | Y758: 1 | Z758: 0 | AB758: 0 | AC758: 0 | AD758: 0 | AE758: 0
A759: 45179 | B759: H02 | C759: Resort Dunas do Porto | D759: Aquiraz | E759: Porto das Dunas | F759: 125 | G759: 320 | H759: 161 | I759: 69 | J759: 0.552 | K759: 47 | L759: 21 | M759: 134 | N759: 684.74 | O759: 0 | P759: 29.1 | Q759: 6 | R759: Domingo | S759: 9 | T759: 253 | U759: -0.78183148 | V759: 0.6234898 | W759: -0.92963393 | X759: -0.3684844 | Y759: 1 | Z759: 0 | AB759: 0 | AC759: 0 | AD759: 0 | AE759: 0
A760: 45179 | B760: H03 | C760: Pousada Jericoacoara Azul | D760: Jijoca de Jericoacoara | E760: Litoral Oeste | F760: 85 | G760: 210 | H760: 135 | I760: 59 | J760: 0.69411765 | K760: 33 | L760: 28 | M760: 110 | N760: 567.45 | O760: 0 | P760: 29.1 | Q760: 6 | R760: Domingo | S760: 9 | T760: 253 | U760: -0.78183148 | V760: 0.6234898 | W760: -0.92963393 | X760: -0.3684844 | Y760: 1 | Z760: 0 | AB760: 0 | AC760: 0 | AD760: 0 | AE760: 0
A761: 45180 | B761: H01 | C761: Hotel Atlântico Fortaleza | D761: Fortaleza | E761: Litoral de Fortaleza | F761: 140 | G761: 360 | H761: 157 | I761: 67 | J761: 0.47857143 | K761: 20 | L761: 40 | M761: 145 | N761: 441.56 | O761: 2.1 | P761: 28.5 | Q761: 0 | R761: Segunda | S761: 9 | T761: 254 | U761: 0 | V761: 1 | W761: -0.9358349 | X761: -0.35243871 | Y761: 0 | Z761: 0 | AB761: 0 | AC761: 0 | AD761: 0 | AE761: 0
A762: 45180 | B762: H02 | C762: Resort Dunas do Porto | D762: Aquiraz | E762: Porto das Dunas | F762: 125 | G762: 320 | H762: 160 | I762: 64 | J762: 0.512 | K762: 35 | L762: 26 | M762: 138 | N762: 599.76 | O762: 2.1 | P762: 28.5 | Q762: 0 | R762: Segunda | S762: 9 | T762: 254 | U762: 0 | V762: 1 | W762: -0.9358349 | X762: -0.35243871 | Y762: 0 | Z762: 0 | AB762: 0 | AC762: 0 | AD762: 0 | AE762: 0
A763: 45180 | B763: H03 | C763: Pousada Jericoacoara Azul | D763: Jijoca de Jericoacoara | E763: Litoral Oeste | F763: 85 | G763: 210 | H763: 112 | I763: 48 | J763: 0.56470588 | K763: 9 | L763: 21 | M763: 95 | N763: 558.96 | O763: 2.1 | P763: 28.5 | Q763: 0 | R763: Segunda | S763: 9 | T763: 254 | U763: 0 | V763: 1 | W763: -0.9358349 | X763: -0.35243871 | Y763: 0 | Z763: 0 | AB763: 0 | AC763: 0 | AD763: 0 | AE763: 0
... A853: 45210 | B853: H03 | C853: Pousada Jericoacoara Azul | D853: Jijoca de Jericoacoara | E853: Litoral Oeste | F853: 85 | G853: 210 | H853: 117 | I853: 52 | J853: 0.61176471 | K853: 24 | L853: 28 | M853: 105 | N853: 493.89 | O853: 3.5 | P853: 28.8 | Q853: 2 | R853: Quarta | S853: 10 | T853: 284 | U853: 0.97492791 | V853: -0.22252093 | W853: -0.98787266 | X853: 0.15526625 | Y853: 0 | Z853: 0 | AB853: 0 | AC853: 0 | AD853: 0 | AE853: 0
A854: 45211 | B854: H01 | C854: Hotel Atlântico Fortaleza | D854: Fortaleza | E854: Litoral de Fortaleza | F854: 140 | G854: 360 | H854: 211 | I854: 91 | J854: 0.65 | K854: 55 | L854: 47 | M854: 189 | N854: 428.32 | O854: 0 | P854: 28.1 | Q854: 3 | R854: Quinta | S854: 10 | T854: 285 | U854: 0.43388374 | V854: -0.90096887 | W854: -0.98505567 | X854: 0.17223624 | Y854: 0 | Z854: 1 | AA854: Nossa Senhora Aparecida | AB854: 0 | AC854: 0 | AD854: 0 | AE854: 0
A855: 45211 | B855: H02 | C855: Resort Dunas do Porto | D855: Aquiraz | E855: Porto das Dunas | F855: 125 | G855: 320 | H855: 182 | I855: 76 | J855: 0.608 | K855: 43 | L855: 32 | M855: 153 | N855: 563.87 | O855: 0 | P855: 28.1 | Q855: 3 | R855: Quinta | S855: 10 | T855: 285 | U855: 0.43388374 | V855: -0.90096887 | W855: -0.98505567 | X855: 0.17223624 | Y855: 0 | Z855: 1 | AA855: Nossa Senhora Aparecida | AB855: 0 | AC855: 0 | AD855: 0 | AE855: 0
A856: 45211 | B856: H03 | C856: Pousada Jericoacoara Azul | D856: Jijoca de Jericoacoara | E856: Litoral Oeste | F856: 85 | G856: 210 | H856: 107 | I856: 51 | J856: 0.6 | K856: 26 | L856: 14 | M856: 88 | N856: 491.26 | O856: 0 | P856: 28.1 | Q856: 3 | R856: Quinta | S856: 10 | T856: 285 | U856: 0.43388374 | V856: -0.90096887 | W856: -0.98505567 | X856: 0.17223624 | Y856: 0 | Z856: 1 | AA856: Nossa Senhora Aparecida | AB856: 0 | AC856: 0 | AD856: 0 | AE856: 0
...

Sheet Dicionario
A1: Variável | B1: Descrição | C1: Uso no estudo / observação
A2: Data | B2: Data de referência da observação diária. | C2: Índice temporal; manter ordenação cronológica.
A3: Hotel_ID / Hotel | B3: Identificador e nome do estabelecimento. | C3: Permite treinar uma RNN por hotel ou uma RNN global.
A4: Hospedes_Hospedados | B4: Quantidade de hóspedes presentes no hotel na data. | C4: Variável-alvo (y) recomendada para previsão de carga operacional.
A5: Reservas_Confirmadas_D14 | B5: Hóspedes associados a reservas registradas 14 dias antes da data de hospedagem. | C5: Preditor exógeno simulado; é conhecido com antecedência. Deve ser tratado conforme o horizonte de previsão.
A6: Hospedes_Checkin | B6: Quantidade estimada de hóspedes que realizaram check-in no dia. | C6: Indicador auxiliar para recepção e processos de entrada; não usar como preditor contemporâneo se desconhecido na previsão.
A7: Hospedes_Checkout | B7: Quantidade estimada de hóspedes que realizaram check-out no dia. | C7: Indicador auxiliar para recepção e arrumação; não usar como preditor contemporâneo se desconhecido na previsão.
A8: Quartos_Ocupados | B8: Quantidade de quartos ocupados. | C8: Indicador para dimensionamento de governança/limpeza; derivado da demanda simulada.
A9: Taxa_Ocupacao | B9: Quartos ocupados divididos pelo total de quartos. | C9: Indicador de utilização da capacidade; derivado, portanto não deve ser usado junto com o alvo do mesmo dia.
A10: Diaria_Media_R$ | B10: Tarifa média diária simulada. | C10: Variável de contexto comercial; usar como preditor somente se conhecida no instante da previsão.
A11: Chuva_mm / Temperatura_Max_C | B11: Condições climáticas diárias simuladas. | C11: Observações sintéticas; para previsão futura, substituir por previsão meteorológica ou excluir.
A12: Dia_Semana / Mes / Dia_Ano | B12: Componentes de calendário. | C12: Podem ser codificados por seno/cosseno ou one-hot encoding.
... A19: Evento_Local_Simulado | B19: Marcador de datas de eventos turísticos ilustrativos. | C19: Não representa calendário oficial de eventos.

Sheet Painel
A1: PAINEL — DEMANDA HOTELEIRA SINTÉTICA | LITORAL DO CEARÁ | H1: Mês | I1: Hotel H01 | J1: Hotel H02 | K1: Hotel H03
H2: jan/23 | I2: 231.8 | J2: 231 | K2: 163.6
A3: Hotel_ID | B3: Hotel | C3: Média hóspedes/dia | D3: Mínimo diário | E3: Máximo diário | F3: Total de hóspedes-dia | H3: fev/23 | I3: 204.7 | J3: 182.8 | K3: 130.6
A4: H01 | B4: Hotel Atlântico Fortaleza | C4: =AVERAGEIF(Dados_Longos!$B$2:$B$3289,A4,Dados_Longos!$H$2:$H$3289) -> 202.58303 | D4: =_xlfn.MINIFS(Dados_Longos!$H$2:$H$3289,Dados_Longos!$B$2:$B$3289,A4) -> 145 | E4: =_xlfn.MAXIFS(Dados_Longos!$H$2:$H$3289,Dados_Longos!$B$2:$B$3289,A4) -> 303 | F4: =SUMIF(Dados_Longos!$B$2:$B$3289,A4,Dados_Longos!$H$2:$H$3289) -> 222031 | H4: mar/23 | I4: 184.7 | J4: 160.6 | K4: 117.8
A5: H02 | B5: Resort Dunas do Porto | C5: =AVERAGEIF(Dados_Longos!$B$2:$B$3289,A5,Dados_Longos!$H$2:$H$3289) -> 186.51642 | D5: =_xlfn.MINIFS(Dados_Longos!$H$2:$H$3289,Dados_Longos!$B$2:$B$3289,A5) -> 119 | E5: =_xlfn.MAXIFS(Dados_Longos!$H$2:$H$3289,Dados_Longos!$B$2:$B$3289,A5) -> 294 | F5: =SUMIF(Dados_Longos!$B$2:$B$3289,A5,Dados_Longos!$H$2:$H$3289) -> 204422 | H5: abr/23 | I5: 182.9 | J5: 162.3 | K5: 117.5
A6: H03 | B6: Pousada Jericoacoara Azul | C6: =AVERAGEIF(Dados_Longos!$B$2:$B$3289,A6,Dados_Longos!$H$2:$H$3289) -> 133.62774 | D6: =_xlfn.MINIFS(Dados_Longos!$H$2:$H$3289,Dados_Longos!$B$2:$B$3289,A6) -> 83 | E6: =_xlfn.MAXIFS(Dados_Longos!$H$2:$H$3289,Dados_Longos!$B$2:$B$3289,A6) -> 193 | F6: =SUMIF(Dados_Longos!$B$2:$B$3289,A6,Dados_Longos!$H$2:$H$3289) -> 146456 | H6: mai/23 | I6: 182.6 | J6: 159.9 | K6: 117.1
H7: jun/23 | I7: 195 | J7: 170.9 | K7: 122.9
H8: jul/23 | I8: 234.2 | J8: 232.5 | K8: 159.5
A9: Observação | B9: Os valores do painel são calculados a partir de Dados_Longos. Dados sintéticos, não oficiais. | H9: ago/23 | I9: 205.7 | J9: 176.6 | K9: 127.3
H10: set/23 | I10: 184.9 | J10: 163.7 | K10: 119.4
H11: out/23 | I11: 178.3 | J11: 159.1 | K11: 116.9
H12: nov/23 | I12: 187.7 | J12: 166.1 | K12: 121.6
H13: dez/23 | I13: 219.5 | J13: 212.4 | K13: 148.8
H14: jan/24 | I14: 233.9 | J14: 235.2 | K14: 165.8
H15: fev/24 | I15: 207 | J15: 183.8 | K15: 133
H16: mar/24 | I16: 192.8 | J16: 172.4 | K16: 121.6
H17: abr/24 | I17: 184.4 | J17: 163.4 | K17: 118
H18: mai/24 | I18: 182.2 | J18: 164.1 | K18: 118.3
H19: jun/24 | I19: 202.5 | J19: 176.8 | K19: 129.7
H20: jul/24 | I20: 233 | J20: 234.6 | K20: 166.5
H21: ago/24 | I21: 204.4 | J21: 181.1 | K21: 134
... H37: dez/25 | I37: 226.4 | J37: 219.8 | K37: 152
